"","id","emailRecipient","SMSRecipient","previousCustomer","store","treatment","juneVisit","newPurchase","repair","hvac","totalPurchases"
"1",194367,1,1,0,2,1,0,0,0,0,0
"2",155553,1,0,1,2,1,0,51.8519626350045,45.7936267652224,61.060991682998,158.706581083225
"3",112486,1,1,1,2,1,0,50.1463059962477,50.6745063353108,127.869798836782,228.690611168341
"4",192343,1,1,1,2,1,0,48.9772327988099,54.1461517300628,68.7268129443155,171.850197473188
"5",140978,0,0,0,1,0,0,0,0,0,0
"6",124886,1,0,0,0,1,0,0,0,0,0
"7",73851,1,0,1,0,1,0,48.4709145294171,54.4186627646284,39.3134604453913,142.203037739437
"8",100757,0,0,1,2,0,1,46.0039542978759,61.303797725348,68.0603374926402,175.368089515864
"9",185829,0,0,1,2,0,0,51.384101006981,54.5575114151291,49.6594689857398,155.60108140785
"10",5042,1,0,1,1,1,1,39.9371940561639,22.8308338861928,51.4942600527565,114.262287995113
"11",114606,0,1,1,0,1,1,85.3991857613437,57.4963934521824,143.59776518556,314.039282462825
"12",110312,1,0,1,1,1,1,26.384138934211,72.6982463649474,53.2038236722645,152.286208971423
"13",123048,1,0,1,0,1,0,50.0905773364577,67.3971507062109,123.034013541359,240.521741584027
"14",46961,0,1,0,2,1,0,0,0,0,0
"15",143483,1,0,1,2,1,0,34.8136336710062,74.1142458234146,53.061148599731,161.989028094152
"16",199445,0,1,1,0,1,0,44.4319411044641,44.9256157241521,71.0225642034958,160.380121032112
"17",21296,0,0,1,2,0,0,49.4632755572048,49.7524666469453,114.248127090121,213.463869294271
"18",75679,1,0,1,2,1,0,83.1756055690526,41.901544724126,80.3696483844172,205.446798677596
"19",196941,1,0,1,1,1,0,58.2347902031103,67.1919194233751,42.6054148758783,168.032124502364
"20",183565,1,1,0,0,1,0,0,0,0,0
"21",11382,0,1,1,2,1,0,83.7026663650759,60.0117158164712,55.9664161438278,199.680798325375
"22",193951,1,0,0,0,1,0,0,0,0,0
"23",186480,1,0,1,1,1,0,40.3306767366483,87.9369440069422,48.297272406453,176.564893150044
"24",160032,0,1,1,1,1,0,47.9896587016079,44.7206528357339,30.1982127613184,122.90852429866
"25",103486,0,1,1,0,1,0,54.9400198266626,46.5884969963435,57.5570341478554,159.085550970862
"26",20786,0,1,0,0,1,0,0,0,0,0
"27",13144,1,0,1,2,1,0,46.9718212828939,64.2204650765061,56.6547919823164,167.847078341716
"28",99257,0,1,1,2,1,0,58.9191558633289,55.0493158236238,50.1585066944108,164.126978381364
"29",135564,1,0,1,1,1,0,14.16003590079,32.7998735502437,45.9802002509681,92.9401097020018
"30",138624,1,1,1,0,1,0,34.3974131356466,56.5243428905495,59.5852455182265,150.507001544423
"31",35907,1,0,1,2,1,0,44.9459361106875,57.3889842472083,49.5525536803444,151.88747403824
"32",111020,1,0,1,1,1,0,42.9088146149135,54.1648517072768,41.490693157954,138.564359480144
"33",58835,0,1,0,0,1,1,265.690743807302,258.831249060176,230.366961439819,1106.96740916529
"34",188764,1,0,0,2,1,0,0,0,0,0
"35",15658,0,1,0,2,1,0,0,0,0,0
"36",122970,1,0,1,2,1,1,60.5027802764303,59.9613043173014,117.322458795338,237.786543389069
"37",97917,1,0,0,1,1,0,0,0,0,0
"38",38135,1,1,1,0,1,0,56.7446813220158,57.2494796282064,49.2672011489017,163.261362099124
"39",100923,1,0,0,1,1,0,0,0,0,0
"40",21349,1,1,0,0,1,0,0,0,0,0
"41",94025,1,1,0,1,1,0,0,0,0,0
"42",116541,0,1,1,1,1,0,48.8681240859897,39.52970229916,47.0100118880131,135.407838273163
"43",64658,0,1,1,1,1,0,36.7546595406913,60.581134302076,45.6893248036077,143.025118646375
"44",134790,0,0,1,2,0,0,54.5352228828706,46.8465250489789,147.823888557822,249.205636489672
"45",103265,0,0,1,0,0,0,43.2848143890067,36.5390274935341,60.3243827657213,140.148224648262
"46",190492,1,1,1,2,1,0,62.2447543274339,64.953249394088,61.156202610729,188.354206332251
"47",134858,0,1,1,1,1,0,35.7141551678371,44.7657349634535,45.7141171088033,126.194007240094
"48",68985,1,0,0,1,1,0,0,0,0,0
"49",147348,0,1,0,1,1,0,0,0,0,0
"50",144035,0,1,1,1,1,0,51.3485217688501,61.7293339478783,46.9091920522562,159.987047768985
"51",179360,0,0,1,1,0,0,61.5036247694447,35.7278794116167,45.1381211165015,142.369625297563
"52",178891,1,1,0,1,1,0,0,0,0,0
"53",53429,0,0,1,1,0,0,48.0578402399696,51.2373843651245,46.1989476410879,145.494172246182
"54",156245,1,0,1,1,1,1,63.4066870916847,67.9937039865181,129.544045075327,260.94443615353
"55",40415,1,0,0,2,1,0,0,0,0,0
"56",63790,1,0,1,0,1,0,46.19548243562,55.6668225628722,60.5490026174493,162.411307615942
"57",168622,1,0,1,2,1,0,52.9212489175648,70.6341350437201,44.0239756666828,167.579359627968
"58",22000,0,1,1,0,1,0,53.8275618047289,89.5871762186289,45.3419065863385,188.756644609696
"59",168812,1,0,1,1,1,1,40.789958067818,89.7321234424599,27.7171552442626,158.23923675454
"60",9355,0,0,1,2,0,1,71.3083345717622,57.369876826182,42.1765722655117,170.854783663456
"61",165868,0,0,1,1,0,0,88.2132225823349,55.0208273963071,43.9473903389046,187.181440317547
"62",103549,0,1,1,2,1,0,46.689087915499,69.9341217004694,49.3494029288519,165.97261254482
"63",70025,1,0,1,1,1,1,42.7106410875749,26.1812357721136,61.7767020164535,130.668578876142
"64",178813,1,1,1,0,1,0,49.4915946731647,72.2373391752562,63.684288796175,185.413222644596
"65",158702,1,0,1,1,1,0,59.3839744654252,46.513152824906,46.9095590431755,152.806686333507
"66",67209,0,1,0,0,1,0,0,0,0,0
"67",165819,0,1,1,1,1,1,45.4613239344034,66.9899891507702,50.8480372346141,559.090142133716
"68",103933,0,1,1,2,1,0,66.9896834247976,46.3925825291325,102.439179069165,215.821445023095
"69",157865,0,1,1,2,1,0,60.2473638082991,66.2775705715212,47.7028314906028,174.227765870423
"70",56052,0,0,1,1,0,0,72.1771699116834,29.3383589366834,50.5647263919542,152.080255240321
"71",75403,0,0,0,0,0,0,0,0,0,0
"72",133998,0,1,0,2,1,1,467.522719248073,189.021914822981,443.839197716943,1117.63364940785
"73",124349,1,1,1,2,1,1,85.8068357305601,56.3643628233253,50.6197977632826,215.040286937913
"74",167577,0,1,1,2,1,0,65.5876892001561,37.4995119373624,118.287471660475,221.374672797993
"75",54244,1,1,1,2,1,0,65.5500873336568,51.3026222092927,52.6862166342868,169.538926177236
"76",10481,1,0,1,0,1,0,32.4262997822388,56.8594024055676,60.4724483036876,149.758150491494
"77",137533,1,0,1,1,1,0,57.5569430113226,50.4132947139827,27.37454779388,135.344785519185
"78",99165,1,0,1,0,1,0,25.5480915893818,52.3410652596656,50.3839746271797,128.273131476227
"79",81002,1,0,1,0,1,1,57.0807297754181,41.8916747923437,44.4606565168415,143.433061084603
"80",42833,1,1,0,1,1,0,0,0,0,0
"81",117895,0,0,1,0,0,1,71.0835772566497,66.7560023366487,45.560674808809,183.400254402107
"82",142756,0,0,0,2,0,0,0,0,0,0
"83",170642,0,1,1,1,1,0,33.8086117732484,60.7982374094427,45.9754244997871,140.582273682478
"84",167195,0,1,1,1,1,0,35.177594446601,39.7238738318831,23.3975451067203,98.2990133852044
"85",156388,1,1,1,0,1,1,74.0486672148108,40.8249661120146,33.5788634731506,612.763562390518
"86",103148,1,1,1,1,1,0,54.1255055022492,44.7994646591848,107.764789658304,206.689759819738
"87",49731,1,1,1,1,1,1,61.4888178373503,70.6437927316874,33.4923581790262,186.906717485751
"88",191306,1,1,0,1,1,0,0,0,0,0
"89",102862,1,0,0,1,1,0,0,0,0,0
"90",40162,1,0,1,0,1,0,56.0771692171568,56.462635380573,51.0816112122638,163.621415809993
"91",20989,1,0,1,0,1,0,39.0968196887027,54.1113564434516,47.8964723592661,141.10464849142
"92",147512,1,1,1,0,1,0,58.2818370629887,53.7091007560604,136.412391328257,248.403329147306
"93",81220,0,0,1,2,0,0,53.4874060333108,71.2197102182545,52.7177523730315,177.424868624597
"94",158515,0,1,0,1,1,0,0,0,0,0
"95",118192,0,1,1,2,1,0,63.4571777569333,74.0332121918909,39.8422590200042,177.332648968828
"96",174969,0,0,0,1,0,0,0,0,0,0
"97",75682,1,0,1,2,1,0,45.7933930457878,42.0163575484792,52.5974356011206,140.407186195388
"98",79108,1,0,1,1,1,0,47.9009388633118,47.1724404088238,58.8770427713834,153.950422043519
"99",174169,1,0,1,2,1,0,75.5324426326595,51.1478866577962,55.1462228811441,181.8265521716
"100",148648,0,0,0,1,0,0,0,0,0,0
"101",113180,1,0,1,1,1,0,48.2092395407435,40.6005134071901,54.4105399338849,143.220292881819
"102",169986,1,0,1,1,1,0,84.9906320984592,73.7066482091323,45.1871480162557,203.884428323847
"103",164549,0,0,1,2,0,0,106.026852625422,58.4849572331457,133.146818644091,297.658628502659
"104",111762,0,1,1,0,1,0,52.6629400905222,44.999851914576,49.2835643265171,146.946356331615
"105",57592,0,0,0,1,0,0,0,0,0,0
"106",129821,0,0,1,1,0,1,23.827073839501,58.9951340188272,45.466358206225,128.288566064553
"107",6802,0,1,1,2,1,1,72.008032721883,64.6516567074332,48.8903221682351,492.626932001273
"108",160075,0,0,1,1,0,0,28.7980051526317,56.2308161456702,37.8984568762629,122.927278174565
"109",158257,1,0,1,2,1,0,51.4615513662515,42.2900125011337,56.1689246563461,149.920488523731
"110",27442,1,1,1,2,1,0,31.1904643287608,52.0847426449537,131.557157084703,214.832364058418
"111",134889,1,0,1,0,1,0,21.8772609692039,45.0684400178507,130.99173849268,197.937439479735
"112",6302,0,0,1,1,0,0,86.2642581920228,73.4906259295531,43.7485052147422,203.503389336318
"113",197684,0,1,1,0,1,0,31.9490225468911,63.7817536480725,132.222833315546,227.95360951051
"114",119532,0,1,1,2,1,0,68.4609432484453,72.1510186539963,109.430522382682,250.042484285124
"115",85233,1,0,1,0,1,1,28.3321827267089,55.1293674199068,144.514059877009,227.975610023625
"116",199830,1,1,0,1,1,0,0,0,0,0
"117",28441,0,0,0,1,0,0,0,0,0,0
"118",143977,0,0,0,1,0,0,0,0,0,0
"119",87779,1,1,0,0,1,1,240.470939393253,275.941411182618,270.513456222297,1206.84610043287
"120",67057,1,0,1,0,1,0,44.6320932028183,51.8280884918423,33.0044747755325,129.464656470193
"121",104840,0,1,0,1,1,0,0,0,0,0
"122",136765,0,0,1,0,0,0,65.4821124044247,59.1623393854139,128.680314366698,253.324766156536
"123",133966,0,1,1,0,1,1,51.6569263878983,49.583050084963,126.559617421585,263.205043623769
"124",131223,0,1,1,0,1,0,47.4464233996703,52.5563004978809,52.8590496395196,152.861773537071
"125",181984,0,0,1,1,0,0,75.036069867062,24.0974556775946,35.0078861869064,134.141411731563
"126",9038,1,1,1,2,1,0,66.826009735465,55.5753606099116,56.0497043145396,178.451074659916
"127",48020,1,1,1,1,1,0,39.3531566052027,40.6676120826317,28.0732769546336,108.094045642468
"128",180819,0,0,1,1,0,0,72.0030420177282,50.31999405846,42.3889556792129,164.711991755401
"129",24811,1,0,1,2,1,0,45.6578461370655,44.9124598332515,127.341346682746,217.911652653063
"130",79825,1,0,1,1,1,0,61.7370337478433,72.1267798570916,23.8845912771418,157.748404882077
"131",136282,0,0,1,1,0,0,41.0709974767691,61.2289386088586,50.0782251508798,152.378161236507
"132",161012,1,1,1,0,1,0,60.7361884082569,48.881932792738,45.9148520120511,155.532973213046
"133",92132,0,0,0,2,0,0,0,0,0,0
"134",127063,1,1,0,0,1,0,0,0,0,0
"135",189217,1,0,1,0,1,0,44.0972224566229,33.589627837934,52.1184350389804,129.805285333537
"136",163054,0,1,1,1,1,0,45.3101420156115,77.0399825247005,50.5731429028082,172.92326744312
"137",116117,1,1,1,0,1,1,43.622564766712,42.8089796083008,40.7655758891523,142.882884127654
"138",184087,0,0,0,1,0,0,0,0,0,0
"139",144855,0,1,0,0,1,0,0,0,0,0
"140",12146,0,1,1,2,1,1,67.2219213433659,106.929662310053,66.8119263900549,587.930915781943
"141",102965,0,0,0,1,0,0,0,0,0,0
"142",72926,0,0,1,1,0,0,47.0925684132906,51.1974134057159,50.8588923270295,149.148874146036
"143",138929,0,1,1,2,1,0,60.9733719270921,45.2815318468892,135.719639167527,241.974542941509
"144",170374,1,0,1,1,1,0,37.8883930674623,56.1994721703231,33.3931180464992,127.480983284285
"145",127208,0,1,0,2,1,0,0,0,0,0
"146",19102,0,0,0,1,0,0,0,0,0,0
"147",37333,1,0,0,0,1,0,0,0,0,0
"148",36286,1,0,1,0,1,0,81.0705701159184,61.9248066051095,42.9175464888957,185.912923209924
"149",22730,1,1,1,2,1,0,52.4727478722065,39.6554723272859,59.8913169099455,152.019537109438
"150",102654,0,0,1,2,0,0,67.0419366495075,46.8351532585144,52.697823562039,166.574913470061
"151",155586,0,1,1,1,1,0,29.231904330452,54.1546914314562,54.8800458174342,138.266641579342
"152",9093,1,0,1,1,1,0,47.7110525349271,27.3252447922334,42.3747929958902,117.411090323051
"153",116250,1,1,1,2,1,1,49.2599378393768,55.3744332610578,143.470238584462,269.907446839051
"154",44132,1,0,1,1,1,0,35.4540471022934,48.1616391012378,33.6466347796981,117.262320983229
"155",27237,1,1,0,1,1,1,285.277820673269,260.89171001697,227.216914593242,789.688642071994
"156",8209,0,0,0,1,0,0,0,0,0,0
"157",146336,0,0,0,1,0,0,0,0,0,0
"158",113833,1,0,1,1,1,0,64.9939040024422,38.1372553782924,40.3014592531347,143.432618633869
"159",113093,0,1,1,1,1,0,54.6065833724719,51.4739081001315,48.5072175632606,154.587709035864
"160",150280,1,0,1,0,1,1,65.0816683890298,53.3953269233061,53.5375266279482,172.014521940284
"161",27360,1,0,1,2,1,0,46.4251223501812,55.8377758191006,128.096934791736,230.359832961018
"162",41285,0,0,0,1,0,0,0,0,0,0
"163",192063,1,0,1,1,1,0,49.4360474715957,40.4992183020737,31.9133931448559,121.848658918525
"164",163749,0,1,1,0,1,0,58.6152584641241,65.4182615457103,44.8545303082679,168.888050318102
"165",90099,0,0,0,1,0,0,0,0,0,0
"166",151763,0,0,1,0,0,0,35.2346886503155,51.3380019459873,67.5271907606722,154.099881356975
"167",179452,0,0,1,0,0,0,44.8327941193206,37.0154707159634,49.5167405756972,131.365005410981
"168",22196,1,0,1,1,1,0,51.8605911658912,42.2406579295386,145.406189735612,239.507438831042
"169",147812,0,0,1,2,0,1,56.2914116851054,64.5254742847756,60.8985375093928,181.715423479274
"170",122560,1,1,1,1,1,0,37.6470847463551,44.256765485684,52.9185925432872,134.822442775326
"171",17861,1,0,1,1,1,0,43.1290227099149,60.0543000685262,25.8328695434823,129.016192321923
"172",106611,0,0,1,1,0,0,53.4115800138984,47.4296359172391,125.948299031825,226.789514962962
"173",125984,0,1,1,2,1,0,61.2232899340822,64.0836092019823,45.3462121737875,170.653111309852
"174",191917,1,0,1,2,1,0,54.1371297127758,44.6373333373076,44.14201128473,142.916474334813
"175",148050,0,0,1,1,0,0,47.030442354175,41.5098887115431,56.4328397566583,144.973170822376
"176",89889,1,0,1,1,1,0,26.3414325048972,44.5533048474056,47.9268505349049,118.821587887208
"177",172323,1,1,0,1,1,0,0,0,0,0
"178",17681,1,1,1,0,1,0,75.8601535228081,51.2044988253301,59.9619166874247,187.026569035563
"179",46669,1,1,1,1,1,0,55.4352723503165,27.2107773753366,105.009915602533,187.655965328187
"180",57901,0,1,1,1,1,1,74.1869658897264,43.99346322391,42.8341364422504,575.276512650105
"181",143019,1,1,1,1,1,0,58.9948360616836,40.896402309001,50.744950314196,150.636188684881
"182",53654,1,0,1,1,1,1,43.4076104719793,41.2448449442091,123.407640450617,208.060095866806
"183",95426,0,1,1,1,1,0,42.9404901390901,42.7151124034549,24.9815906878236,110.637193230369
"184",92118,0,0,1,0,0,0,36.8241487857002,57.3721981491248,52.1859450022844,146.382291937109
"185",5001,1,1,0,0,1,0,0,0,0,0
"186",93153,0,0,1,0,0,0,26.7786128889469,49.1142918071197,67.9656234323346,143.858528128401
"187",51137,0,0,1,1,0,0,37.3799187480982,56.7488287460537,42.3057118339756,136.434459328128
"188",41605,1,1,0,0,1,1,240.87822878896,225.772577334526,287.753836182641,1171.23198011421
"189",155386,1,0,1,1,1,0,50.2377476516063,73.3220601067878,30.3585692274723,153.918376985866
"190",182837,1,1,1,1,1,0,46.9763207804128,90.8212281186134,60.4760733149957,198.273622214022
"191",45676,1,1,1,1,1,1,66.8326797487388,49.3216181872402,40.842079261898,631.331934730926
"192",85148,0,1,1,1,1,0,57.2464340213105,48.7086837276019,44.4553932897709,150.410511038683
"193",65475,1,1,0,2,1,0,0,0,0,0
"194",45085,0,1,1,1,1,0,51.2789038203033,61.2581871072762,63.8456175114347,176.382708439014
"195",180849,1,0,1,1,1,0,39.4934545104978,55.6578369417255,55.6679866865084,150.819278138732
"196",102880,1,0,0,0,1,0,0,0,0,0
"197",30379,1,1,1,0,1,1,32.7839779928864,70.5029467237182,45.9240478928587,181.967341634163
"198",3289,0,0,1,1,0,1,29.1952566741158,82.6836466877721,45.8490415980728,157.727944959961
"199",195574,1,0,0,1,1,0,0,0,0,0
"200",54782,1,1,0,0,1,0,0,0,0,0
"201",146950,1,1,1,0,1,0,42.7983978466175,55.3122693474347,57.1546901601134,155.265357354166
"202",66466,0,0,1,0,0,0,47.5604446506775,56.8123044904152,127.853881080602,232.226630221694
"203",158471,0,1,1,0,1,0,47.2945583714181,81.4196471590549,115.164535366491,243.878740896964
"204",20691,1,1,1,2,1,1,64.3782527902479,53.8954078163706,64.3487838996645,196.01307253036
"205",20227,1,1,1,0,1,1,42.0945840119437,45.5155731219467,57.185360092652,484.717477671318
"206",35596,0,0,1,0,0,0,52.9826483875912,51.6972415938413,46.2659984349531,150.945888416386
"207",15482,1,1,1,0,1,0,79.2236121366349,53.9389089150276,114.288347651471,247.450868703134
"208",139860,1,0,0,1,1,0,0,0,0,0
"209",167708,0,1,0,2,1,0,0,0,0,0
"210",169486,1,1,1,2,1,0,60.0410375408828,58.1958255673103,119.338580622093,237.575443730287
"211",61292,1,1,1,1,1,0,40.7611252114735,50.7833518376574,52.7975083882709,144.341985437402
"212",63510,0,1,1,0,1,1,43.0022145211671,58.867688486828,46.3304935897925,612.582305757859
"213",144588,1,0,1,0,1,0,69.0592101309448,68.4877139981836,38.8917897511905,176.438713880319
"214",120339,0,1,1,1,1,0,33.8673068780866,59.3480634300204,44.2826008855744,137.497971193681
"215",92484,0,1,1,0,1,0,41.0244651783212,53.8126023020595,63.8489445946995,158.68601207508
"216",29474,1,0,0,0,1,0,0,0,0,0
"217",164124,0,1,1,1,1,0,48.8027306361857,62.2016636044718,32.8757559811698,143.880150221827
"218",178553,1,1,1,2,1,1,54.7684726294212,56.9664521766023,52.6315137676957,177.934936175696
"219",10865,1,0,1,1,1,0,51.1353970769165,40.4200710510116,122.261359458666,213.816827586594
"220",174811,1,1,1,1,1,1,39.1451290339476,57.7987386103889,39.0677552181101,527.522765004878
"221",79221,1,0,1,2,1,0,59.9657849789627,69.2953667265754,43.4925613465546,172.753713052093
"222",56035,0,1,0,2,1,1,466.187777670201,199.830176832017,493.968116052322,1511.55958902448
"223",22471,0,1,1,1,1,0,63.1000831238249,45.9756535269059,109.746855529393,218.822592180124
"224",18626,1,0,1,0,1,0,48.4987318379673,80.1295918296091,109.483154973424,238.111478641001
"225",134702,0,1,0,2,1,0,0,0,0,0
"226",169263,0,1,0,1,1,0,0,0,0,0
"227",160166,1,0,1,1,1,0,59.3391096259735,69.8564113546163,36.0583955281094,165.253916508699
"228",5799,1,1,1,1,1,0,50.4613662240662,51.1993832614739,53.5286118921673,155.189361377707
"229",149827,1,1,0,0,1,0,0,0,0,0
"230",111614,0,0,1,1,0,0,33.9920050281403,50.780661547331,42.7193328671467,127.491999442618
"231",99492,0,1,1,1,1,0,62.4883464757969,42.7422346537328,40.2645193386683,145.495100468198
"232",116568,0,1,0,1,1,0,0,0,0,0
"233",121159,0,1,0,0,1,0,0,0,0,0
"234",81500,1,0,1,1,1,0,35.1161297220475,57.3697542300295,40.5947512384925,133.080635190569
"235",174230,0,1,1,0,1,0,52.2157347323567,49.3883522101881,63.6712290457105,165.275315988255
"236",83121,1,1,0,1,1,0,0,0,0,0
"237",66494,0,1,1,1,1,0,73.2178079411749,53.4506399397028,110.726226226932,237.39467410781
"238",11705,1,1,1,2,1,1,93.792090727482,48.2887040490249,66.2727580984653,231.302909364357
"239",112740,1,0,0,1,1,0,0,0,0,0
"240",102457,0,1,1,0,1,0,82.5319663737901,55.4982668690405,151.50014723412,289.530380476951
"241",126276,0,0,1,1,0,0,73.1052721918496,42.8764499329853,135.640829366081,251.622551490916
"242",60231,0,0,1,0,0,0,41.2244722412594,41.7009289712924,60.1761105826856,143.101511795237
"243",154764,1,0,1,1,1,0,42.2509217004218,63.5462551140226,39.9712415691299,145.768418383574
"244",41579,0,1,0,0,1,0,0,0,0,0
"245",124930,1,1,1,0,1,1,61.4320813182579,90.6147994333878,54.4844041451497,558.174192908404
"246",27357,0,0,1,1,0,0,35.1981406231482,75.7262415667064,142.721686151597,253.646068341451
"247",147313,0,1,1,1,1,1,60.6470265751487,72.1961848335968,32.481509946991,465.34219874695
"248",80875,1,1,1,1,1,0,66.9423864855669,91.4601307488047,31.7693195446243,190.171836778996
"249",50365,1,1,1,1,1,0,32.4620968875834,77.6993821915239,45.3538077484976,155.515286827605
"250",199521,0,0,1,2,0,0,67.0304069779813,50.5227350243295,165.847300469381,283.400442471692
"251",195197,0,0,1,0,0,0,63.7188655707556,59.4578428211755,38.7883086556197,161.965017047551
"252",122157,1,0,0,1,1,0,0,0,0,0
"253",12332,0,0,1,1,0,0,32.9083843882247,51.5056758351926,63.7157369860045,148.129797209422
"254",96341,1,0,0,0,1,0,0,0,0,0
"255",130967,0,1,0,0,1,0,0,0,0,0
"256",42012,1,0,1,1,1,1,40.4074399869944,41.9072899690198,46.1457177954235,128.460447751438
"257",147479,0,1,1,1,1,0,42.9817388581287,62.2827301647718,32.0610104182654,137.325479441166
"258",181265,1,0,1,1,1,0,40.9717537132279,20.8399111593041,35.9179689232187,97.7296337957507
"259",151330,0,0,1,1,0,0,43.3998579666286,39.5149656204663,20.5170339277225,103.431857514817
"260",41490,0,0,1,2,0,1,65.3631752414408,33.954370757762,45.6395535512695,144.957099550472
"261",121510,1,0,1,0,1,1,68.3157462626696,50.0918241043359,47.4987468514919,165.906317218497
"262",93428,1,0,1,0,1,0,54.0542260258878,67.0036399390136,69.9665151751026,191.024381140004
"263",81418,1,0,1,1,1,1,51.3622435036887,40.8597696636373,128.939408356134,221.16142152346
"264",79920,0,0,0,1,0,0,0,0,0,0
"265",87498,0,1,1,1,1,0,56.9029311427261,70.619777594693,18.6706804397187,146.193389177138
"266",148916,0,1,1,2,1,1,93.2214025254361,81.4169092988595,130.434854645969,317.350936331046
"267",135696,0,1,1,0,1,0,33.5196806747436,47.5923539085476,50.1201278927056,131.232162475997
"268",93806,0,0,1,2,0,0,87.0483553772792,79.7192051657476,78.9448500459039,245.712410588931
"269",99529,0,0,1,2,0,0,58.4926837529768,44.729391618111,129.583407878427,232.805483249515
"270",174188,1,1,1,2,1,1,46.4734246517517,65.0848967355596,124.112735761827,682.681707175648
"271",23647,0,0,1,0,0,0,82.1110122837126,58.9274220947831,55.1249749703609,196.163409348857
"272",32409,0,1,1,1,1,0,31.5905226019116,63.3176250322722,33.5882486539411,128.496396288125
"273",157420,1,0,0,0,1,0,0,0,0,0
"274",144306,1,0,1,0,1,0,69.6342858253047,52.0207647175034,66.1850101348816,187.84006067769
"275",13178,0,0,1,2,0,0,51.6391234204278,59.705025209114,79.6661359934936,191.010284623035
"276",168865,1,0,1,2,1,0,55.755068101603,84.1573360319167,105.54015304874,245.45255718226
"277",102333,0,1,1,1,1,0,25.1838413332422,55.4065155754328,51.5625663166105,132.152923225286
"278",50571,1,1,1,1,1,0,47.6679268372796,57.0302622457713,31.0157503610205,135.713939444071
"279",63767,0,1,1,0,1,0,50.0289110583253,48.8935798982166,133.332484930524,232.254975887066
"280",50052,0,1,1,2,1,0,95.2879585740156,55.00531234617,63.1106262622522,213.403897182438
"281",155539,0,0,1,2,0,0,61.9496478651654,55.7384624958679,171.511157322443,289.199267683477
"282",10021,0,1,0,0,1,0,0,0,0,0
"283",161415,0,0,1,1,0,1,56.5507612634941,47.9955333998512,54.7323518641061,159.278646527451
"284",118354,1,1,1,1,1,1,53.9032454752541,62.2188096535392,32.0725939718948,472.394418189321
"285",171207,0,0,1,2,0,0,59.7905561457263,55.9451351066722,57.6418089270826,173.377500179481
"286",143305,0,0,1,2,0,0,99.4457148849033,64.0244362716932,143.329526554166,306.799677710762
"287",58513,0,1,1,2,1,0,49.8123675387486,93.2112182169221,61.3936003531752,204.417186108846
"288",42156,0,1,0,2,1,1,468.224021733872,176.677927647542,447.559721743792,1434.50326346313
"289",104828,1,0,0,2,1,0,0,0,0,0
"290",27228,0,1,0,0,1,0,0,0,0,0
"291",35968,1,1,1,2,1,0,46.3360120477469,97.0107108354568,126.681061233759,270.027784116963
"292",198472,1,0,1,1,1,1,52.020744753915,57.1800124957609,47.3048001367691,156.505557386445
"293",52164,1,1,1,0,1,0,55.5872115896713,49.2439652271033,39.5025395004209,144.333716317195
"294",159796,1,1,0,1,1,0,0,0,0,0
"295",89943,1,0,1,2,1,0,62.2177144726422,51.7707664655449,62.7646005416883,176.753081479875
"296",187289,1,0,1,1,1,0,58.8158772805055,89.4058515187353,59.5542401921209,207.775968991362
"297",162748,0,1,1,0,1,1,62.9745878326723,37.8604250042305,49.2593149333718,537.7806225082
"298",154670,1,1,1,2,1,0,73.0286456189731,58.4195400158917,45.7166926139111,177.164878248776
"299",81124,1,0,1,1,1,1,48.1851484434626,43.2933667974504,112.348743505694,203.827258746606
"300",126996,0,0,1,1,0,1,54.14106572481,44.5022477486578,46.0784470464047,144.721760519872
"301",34707,1,0,1,1,1,0,75.4628552890441,57.8021367309145,101.729370183459,234.994362203418
"302",28360,1,0,1,1,1,0,73.6708505993543,48.8210449583822,37.3834945159178,159.875390073654
"303",23891,1,1,1,2,1,0,26.8302102542945,64.1854127341417,141.635308045295,232.650931033731
"304",49416,0,0,1,2,0,0,60.8145630271779,82.5805434524082,56.7369560036207,200.132062483207
"305",13405,1,1,0,1,1,1,228.676411928089,238.342957322348,217.161459163364,1100.21053760918
"306",11547,0,0,1,1,0,0,32.216372377458,52.4475278207101,92.1624755039608,176.826375702129
"307",105182,0,1,1,1,1,0,38.4286404097189,43.5899680819841,42.425452849849,124.444061341552
"308",182089,0,1,1,1,1,0,19.8836045122139,33.3139092428671,123.516437517995,176.713951273076
"309",53111,0,1,1,0,1,0,62.4644028488547,38.5127793776294,111.67612128483,212.653303511314
"310",63341,0,1,1,1,1,1,59.4482465232805,39.6213084880206,55.9097757531587,560.647007693923
"311",79388,1,0,0,0,1,0,0,0,0,0
"312",164346,1,1,1,2,1,1,54.6874760956747,63.4653875301171,138.578187237359,652.041579657078
"313",121706,1,1,1,0,1,0,57.9623811993243,51.4136683129639,35.4891953627793,144.865244875068
"314",158982,1,1,1,1,1,1,44.117499673458,28.0205846245762,130.953208963924,219.097661068442
"315",14791,1,1,1,2,1,1,50.6312815525356,59.618972457508,52.6042535667854,181.233731128685
"316",27404,1,1,1,1,1,0,58.0085077179988,59.2332572164014,39.6541441380847,156.895909072485
"317",76440,1,0,1,1,1,0,47.0465992824247,46.323060214609,52.2674766847844,145.637136181818
"318",122680,1,1,1,1,1,0,52.5318957218371,65.8847390447928,35.9593242023977,154.375958969028
"319",96623,0,0,0,0,0,0,0,0,0,0
"320",173795,1,1,1,1,1,1,58.6316364254352,34.5502613533548,23.8523068604783,142.011539137803
"321",129948,1,0,1,1,1,0,73.9664362182242,36.1760106314131,48.0658061391683,158.208252988806
"322",166577,0,0,1,1,0,0,49.7331980388921,81.2071543666534,44.69910297721,175.639455382756
"323",79782,0,1,0,0,1,1,234.115575232724,243.236501144525,202.926501670722,997.28694042943
"324",51871,1,0,1,0,1,0,52.8208987282228,70.4658153001219,49.4617041511673,172.748418179512
"325",56665,1,0,0,2,1,0,0,0,0,0
"326",170012,0,1,0,0,1,0,0,0,0,0
"327",178963,1,1,1,0,1,0,67.4534685079177,54.7905714623787,53.4723529092535,175.71639287955
"328",98880,1,1,0,1,1,0,0,0,0,0
"329",167084,0,0,0,1,0,0,0,0,0,0
"330",176420,0,0,1,1,0,0,34.1509797312641,42.4761058648791,42.3138701849426,118.940955781086
"331",79998,0,1,1,1,1,0,45.502700442337,53.3646493997353,31.9336394116767,130.800989253749
"332",99763,1,1,1,1,1,1,34.700547585614,59.1469015084938,47.0338142625793,447.046334261687
"333",181600,0,1,1,0,1,1,39.7634918984787,32.966581072051,189.086572745415,284.58044098723
"334",95230,1,1,1,1,1,0,56.1659364331963,41.6551384316547,36.5008265808215,134.321901445673
"335",109364,0,1,0,0,1,0,0,0,0,0
"336",14810,0,1,0,1,1,0,0,0,0,0
"337",11951,1,1,1,1,1,1,48.3718575158865,50.9681387548358,137.595772224612,255.359170740655
"338",68153,1,1,0,0,1,0,0,0,0,0
"339",61701,1,1,1,2,1,0,57.0035641420494,63.0523041127386,49.5906595919851,169.646527846773
"340",165177,0,0,1,2,0,0,65.5831406051293,56.0325875620987,58.5074748533931,180.123203020621
"341",157515,1,1,0,2,1,0,0,0,0,0
"342",10570,1,1,1,1,1,1,52.2724772591926,69.5986167858355,55.1098939646222,504.689598637988
"343",113236,1,0,1,2,1,0,67.5000246773619,54.1285853935365,51.2600867144241,172.888696785322
"344",19113,1,1,1,1,1,0,50.0490178832559,79.2329216939397,72.6168329048389,201.898772482035
"345",95546,1,0,1,0,1,0,91.9718712102622,62.6563016269369,48.1867896006644,202.814962437863
"346",16600,1,0,0,2,1,0,0,0,0,0
"347",184176,1,1,1,1,1,1,58.7592642922949,35.353542396403,51.9784795840713,452.929341750099
"348",154765,0,0,1,1,0,0,43.4786119552633,45.5955834897349,43.4562502384477,132.530445683446
"349",80467,0,1,1,1,1,0,34.0921553448264,58.6165376503891,100.801661644705,193.510354639921
"350",19214,0,1,0,1,1,0,0,0,0,0
"351",24141,0,1,1,1,1,0,36.3914262118018,53.882348396173,134.048399565723,224.322174173698
"352",160597,0,1,1,1,1,0,30.4339255283379,63.0374254896306,43.6569241201839,137.128275138152
"353",52982,1,1,1,1,1,1,57.929023569328,58.6170387868769,27.2042746212098,167.258116036955
"354",178324,0,1,1,0,1,1,59.9743896087194,59.9280647933483,60.0708602761669,196.983970760698
"355",28796,0,1,1,1,1,0,35.8762182905427,54.290485146943,43.1364525128574,133.303155950343
"356",120341,1,0,0,2,1,0,0,0,0,0
"357",40027,0,1,0,0,1,0,0,0,0,0
"358",190558,0,0,1,1,0,0,83.472018324398,59.2857087834282,137.019832984405,279.777560092231
"359",97621,0,0,0,0,0,0,0,0,0,0
"360",160490,1,1,1,0,1,1,63.4112370361515,36.6048326556619,146.836177608756,626.352376631204
"361",99902,1,1,1,1,1,0,80.9237066789469,45.0355508607138,31.1701831450132,157.129440684674
"362",181425,0,1,1,0,1,0,49.3966331015368,60.1530187911273,62.2322126905115,171.781864583176
"363",198724,0,0,1,1,0,0,46.3904875487314,47.4679083023701,137.88896269012,231.747358541221
"364",199801,0,1,1,2,1,1,47.9894313503229,62.0775899611479,45.6776147392717,529.964683185933
"365",46772,0,1,1,1,1,0,47.1516590829826,43.8552278895554,48.0254056433092,139.032292615847
"366",141290,0,1,0,1,1,0,0,0,0,0
"367",7669,1,1,1,2,1,1,66.2677745671262,65.1090323254466,41.4542907953611,190.53120661804
"368",176837,1,0,1,1,1,1,45.7624620988871,41.2418107967674,126.124458773979,213.128731669633
"369",47080,0,0,0,1,0,0,0,0,0,0
"370",14517,1,0,1,1,1,0,54.7887255069393,49.9072982035157,32.6082886556691,137.304312366124
"371",87474,0,0,0,2,0,0,0,0,0,0
"372",156442,0,1,1,1,1,0,42.5533921826491,46.7880579305161,42.0116246665684,131.353074779734
"373",16637,0,0,1,0,0,0,57.3577688822673,66.463520122096,62.4590585139936,186.280347518357
"374",51970,1,1,0,2,1,0,0,0,0,0
"375",97365,0,0,0,2,0,0,0,0,0,0
"376",149114,0,1,1,1,1,0,31.7323070751682,53.6582740438171,55.498041125111,140.888622244096
"377",40035,0,0,1,2,0,0,48.0057942701022,61.9046300835754,117.992302821141,227.902727174818
"378",46825,0,0,0,1,0,0,0,0,0,0
"379",104176,0,0,1,1,0,0,60.3910064882417,32.0794580507341,31.8962065044018,124.366671043378
"380",152979,0,0,1,0,0,0,51.7632247300835,86.8193751201034,111.957434133044,250.540033983231
"381",85211,0,0,1,2,0,0,63.7334781805985,55.5113560673781,77.7280303807087,196.972864628685
"382",50440,0,1,1,1,1,1,53.1302971089103,35.4755120328481,46.7823744884593,446.268996251476
"383",48518,0,0,0,2,0,0,0,0,0,0
"384",19967,0,0,1,1,0,0,69.7525007773331,33.2952770773884,53.1902445277805,156.238022382502
"385",4182,1,1,1,1,1,0,47.0835463014528,28.1644543468685,27.3540804525226,102.602081100844
"386",195579,0,1,1,2,1,0,74.9010882582515,68.3281438927486,57.2511674250869,200.480399576087
"387",179278,1,1,1,1,1,1,28.4153367914082,36.5150833918789,31.8705133983984,446.378614357814
"388",12176,1,0,1,0,1,0,41.7401465861215,85.3220643592067,52.1245824011272,179.186793346455
"389",77657,0,0,1,1,0,0,49.3729845437005,43.3733033239953,39.8344836140219,132.580771481718
"390",158803,0,0,1,1,0,0,44.11490232841,55.3248600992499,110.523422647892,209.963185075552
"391",13782,0,0,0,2,0,0,0,0,0,0
"392",140767,0,0,0,1,0,1,84.0452563124939,58.3437009346583,102.711057808065,245.100015055217
"393",97204,1,1,1,0,1,0,67.0411177328788,79.4502309407108,46.4709610422592,192.962309715849
"394",177405,1,0,1,2,1,0,39.6971320943792,88.1732225073501,68.1731616582925,196.043516260022
"395",121000,0,0,1,0,0,0,49.6982414896967,54.7332065008712,41.7848967245014,146.216344715069
"396",26275,0,1,0,2,1,1,460.373478003906,186.50890178309,496.146999546605,1162.65403180083
"397",177766,0,0,1,0,0,0,59.558345590663,54.5351998872695,33.12680363356,147.220349111493
"398",97796,0,0,1,0,0,0,54.0963701064923,45.3271473496206,125.551636617571,224.975154073684
"399",115383,0,0,0,2,0,1,51.664351466446,71.8630437697284,47.8253442832803,171.352739519455
"400",106508,0,1,1,1,1,0,36.134204591255,36.1495185117913,45.5862109666912,117.869934069738
"401",163600,1,0,1,1,1,0,33.5103972196793,28.935016029928,49.2204988138399,111.665912063447
"402",38329,0,1,1,1,1,1,20.6341318368489,46.7624013910155,90.3791080799033,485.925774326189
"403",68254,0,1,1,0,1,0,43.9284568463677,63.8734733878912,58.172287742811,165.97421797707
"404",22604,0,0,1,1,0,0,42.4439420289398,52.8860842855231,40.4166606891703,135.746687003633
"405",133173,1,1,1,0,1,0,30.2647443273494,91.8220395222306,56.7647220196805,178.851505869261
"406",103143,1,1,1,1,1,0,50.202330455681,54.0059583642734,41.5647440438101,145.773032863764
"407",89283,0,1,0,2,1,0,0,0,0,0
"408",164693,0,0,1,1,0,1,42.9827751552924,52.0404555941899,34.6973602091488,129.720590958631
"409",153230,1,1,1,1,1,0,75.469932954825,73.8614167002961,54.5377447098961,203.869094365017
"410",196865,1,1,1,1,1,0,80.926180316643,54.5455242930351,47.8379108139116,183.30961542359
"411",97782,1,1,1,2,1,0,65.3923586766651,24.7485495035554,44.1691958304525,134.310104010673
"412",157715,0,1,1,1,1,1,36.2267788325171,78.5227041505277,51.54596670854,184.269125614137
"413",8060,0,1,1,1,1,0,33.0814336113687,56.8366260719486,41.3305811559101,131.248640839227
"414",54574,0,0,1,0,0,0,60.648014941896,61.7885107174516,73.733537675881,196.170063335229
"415",173293,0,1,1,1,1,0,41.7893872446296,75.0527760186233,18.0217391197674,134.86390238302
"416",61779,0,1,1,1,1,0,51.0796365440092,39.4569220396354,40.3351370059974,130.871695589642
"417",109900,0,0,0,0,0,0,0,0,0,0
"418",39348,1,1,1,1,1,0,49.7401516881172,28.132463568855,40.2115214190728,118.084136676045
"419",196232,0,0,0,2,0,1,83.8044825633988,56.6357798529789,67.7181526862849,208.158415102663
"420",106015,1,0,1,0,1,0,33.2188424079853,52.3345449309212,112.970361225955,198.523748564861
"421",174046,1,0,1,2,1,1,58.1786075889425,67.7189835640602,50.2729155622234,176.170506715226
"422",128128,0,0,1,1,0,0,34.5559730702675,61.3209987855516,62.6612998979962,158.538271753815
"423",39250,1,1,1,1,1,0,49.4875140514893,45.402699215673,33.1648976659444,128.055110933107
"424",137893,1,0,1,1,1,0,40.1047172381338,78.5133206737228,165.490067064908,284.108104976764
"425",18526,1,0,0,1,1,0,0,0,0,0
"426",49236,0,1,1,1,1,0,37.3209722379926,50.0012483491034,47.9736755625252,135.295896149621
"427",19003,1,0,1,1,1,1,31.8366454186826,43.8885566798789,101.618447533528,177.343649632089
"428",161868,0,1,1,0,1,1,58.492967516656,58.6933047157122,85.265503961586,218.864708922261
"429",145438,1,0,1,1,1,0,24.848813029715,43.1808434613314,39.4932585381814,107.522915029228
"430",193687,0,0,1,2,0,0,49.4736526658946,78.3955023461021,45.1605188872559,173.029673899253
"431",90197,1,1,0,1,1,0,0,0,0,0
"432",56673,1,0,1,1,1,0,39.0707397867253,37.2348177600731,47.6428846919263,123.948442238725
"433",37342,1,0,1,1,1,0,62.9301669598568,44.6727486626378,47.8375585659114,155.440474188406
"434",127338,1,1,1,1,1,1,55.5017431749967,56.0649304860272,32.627262927107,160.507460312096
"435",117947,0,1,0,1,1,0,0,0,0,0
"436",179585,1,0,1,0,1,0,55.5558294689023,72.805548808254,60.3221794831765,188.683557760333
"437",97923,1,1,1,1,1,0,80.5057529906822,53.6081979861098,34.5677088319636,168.681659808756
"438",69292,0,0,1,0,0,0,52.6367259653689,57.7693695815981,39.16018825629,149.566283803257
"439",183996,0,0,1,0,0,0,56.5786681443277,61.5083191526457,35.1862690786102,153.273256375584
"440",21412,0,0,0,1,0,0,0,0,0,0
"441",152923,0,0,0,1,0,0,0,0,0,0
"442",37060,1,1,1,0,1,0,69.4297658163123,48.371432594978,36.9014249807413,154.702623392032
"443",92327,0,0,1,0,0,1,68.4950628034732,37.2605464382338,57.7404609473242,163.496070189031
"444",23426,1,1,1,1,1,1,50.15470829409,91.4881290169433,36.1276769832057,187.805093868441
"445",99918,0,1,1,2,1,0,90.3254046463408,41.2629179041066,45.1129576314262,176.701280181874
"446",5966,0,0,1,0,0,0,46.0450090088745,53.5233329570358,48.1362004827494,147.70454244866
"447",101005,1,1,1,1,1,1,57.2431195467944,38.5342309195934,40.9593990039136,478.301751287782
"448",9771,1,0,0,2,1,0,0,0,0,0
"449",96883,0,1,1,2,1,0,60.9796580041872,54.1624328527607,47.4383310666563,162.580421923604
"450",78335,0,0,1,2,0,0,48.7786397838884,46.2897244806677,73.3158821290081,168.384246393564
"451",90037,1,1,1,2,1,0,55.4260738894624,61.6429614915176,46.4939328541619,163.562968235142
"452",170702,0,1,0,1,1,1,239.676251093785,280.37656860784,229.189348628229,778.239136573047
"453",82366,1,1,0,0,1,0,0,0,0,0
"454",22469,0,0,1,2,0,0,47.9941110235204,54.0322325083124,68.8852155315421,170.911559063375
"455",30572,0,1,1,2,1,0,95.2225161013193,50.7299213102778,82.6406289734635,228.593066385061
"456",151122,1,1,1,1,1,1,34.5346753915461,36.2761186443992,68.2443300133505,495.837882321968
"457",140307,0,0,0,0,0,0,0,0,0,0
"458",54530,0,0,0,1,0,0,0,0,0,0
"459",20881,0,0,1,1,0,0,41.2296014133978,18.0381136224678,134.746888693443,194.014603729309
"460",118218,0,1,1,2,1,0,67.6249467582075,62.7842906047168,54.8642316202633,185.273468983188
"461",23337,0,1,1,1,1,1,33.337166991185,68.9118788363412,36.5471897129357,159.564365616844
"462",34375,0,0,1,1,0,0,47.5326442717686,50.5351909323995,51.7535411169628,149.821376321131
"463",148187,1,0,1,1,1,1,38.150549523895,29.624083061268,46.0508483108528,113.825480896016
"464",57947,0,0,0,2,0,0,0,0,0,0
"465",143373,0,1,1,1,1,0,48.0282609940647,32.1409223765978,129.891616576401,210.060799947063
"466",84247,1,0,0,1,1,1,40.4613270386958,42.5803651969976,33.5657191189362,116.60741135463
"467",72883,1,1,1,1,1,0,24.4897313156374,58.1410035951994,34.4693007728569,117.100035683694
"468",17911,1,1,1,2,1,0,95.3608231265098,61.3000331603151,62.7413307810523,219.402187067877
"469",10296,0,1,1,2,1,0,67.9779239031486,66.9962604596786,58.9622820862569,193.936466449084
"470",130918,1,0,0,0,1,0,0,0,0,0
"471",106998,1,1,1,1,1,0,77.6221042654415,55.8446060080681,47.3957213649154,180.862431638425
"472",31140,1,0,0,0,1,0,0,0,0,0
"473",136248,1,1,1,1,1,0,38.9967694161578,44.2704240527267,28.843751885943,112.110945354827
"474",96717,1,1,0,0,1,1,214.506878982474,268.686540327437,261.49506039316,772.67112774592
"475",190027,0,1,0,1,1,0,0,0,0,0
"476",40808,1,1,1,1,1,1,69.3478884536183,78.5048120808788,31.1260909384602,618.116940882612
"477",157996,0,1,0,2,1,0,0,0,0,0
"478",189481,0,0,0,2,0,0,0,0,0,0
"479",127732,0,0,1,1,0,0,87.1370364855083,52.902786038816,28.7785142263419,168.818336750666
"480",30385,1,0,0,2,1,0,0,0,0,0
"481",155461,0,0,0,2,0,0,0,0,0,0
"482",19219,0,0,1,2,0,0,51.7871512560876,42.8277384532617,78.1287932335615,172.743682942911
"483",132410,0,1,1,1,1,0,32.7095249607642,35.9478256626632,137.617159198731,206.274509822158
"484",184707,0,0,0,1,0,0,0,0,0,0
"485",119296,0,0,1,2,0,0,47.6127933122076,49.4452685979009,29.7044883657802,126.762550275889
"486",52867,1,0,1,2,1,0,65.7677332154335,59.8057177328264,44.5095030585274,170.082954006787
"487",65947,1,0,1,2,1,0,47.5124766362405,47.0352311155349,50.1954463133348,144.74315406511
"488",106158,1,0,1,1,1,0,50.8448643823798,34.8032354546676,42.2359981815522,127.8840980186
"489",171741,0,1,1,0,1,0,79.6555861947127,60.8368393498315,57.8011911480498,198.293616692594
"490",81989,1,0,1,2,1,0,70.0558422518142,46.7471258226342,140.273835200293,257.076803274742
"491",133973,1,0,1,1,1,0,34.7935249549199,50.4073885501281,120.193193421321,205.394106926369
"492",36502,1,0,0,1,1,1,50.0245689541612,48.7842082926644,31.8836416387782,130.692418885604
"493",152009,1,0,1,2,1,0,54.9979442839072,86.2895977180451,46.9830792841036,188.270621286056
"494",80385,0,1,1,2,1,0,61.2528810967251,68.6277731247246,54.349285908767,184.229940130217
"495",40075,0,0,1,1,0,0,49.7468640784544,69.7360623041168,30.9820455409562,150.464971923527
"496",38761,1,1,1,2,1,0,45.2586650945543,51.7625889401703,65.6958688807398,162.717122915464
"497",116627,0,1,1,0,1,0,81.3690193928778,75.5119432462379,56.9531243649606,213.834087004076
"498",191618,1,0,1,1,1,0,41.6051650136579,43.0958764267435,43.2955889247184,127.99663036512
"499",179597,1,1,1,1,1,1,61.7843644621811,77.5414405860938,54.171387523957,213.862458450494
"500",197363,0,1,1,2,1,0,56.2282921007372,45.4445024418101,49.0307796444588,150.703574187006
"501",135242,1,1,1,1,1,0,28.6375513744816,46.2935847983093,139.228734185269,214.15987035806
"502",153746,1,1,0,2,1,0,0,0,0,0
"503",137765,1,1,0,0,1,0,0,0,0,0
"504",167919,1,1,1,2,1,0,43.5988041441041,52.9511360284476,63.3866145967505,159.936554769302
"505",97716,0,0,0,1,0,0,0,0,0,0
"506",160073,1,1,1,1,1,0,35.7247604299712,42.6102117502857,48.8856997922637,127.220671972521
"507",93399,0,0,1,1,0,0,26.1588179258326,20.2221287021535,123.086500441203,169.467447069189
"508",161286,0,1,1,1,1,0,72.7520271311243,19.6909902828811,54.4606326135931,146.903650027598
"509",10612,0,1,1,1,1,0,66.1622385665947,36.8811941485009,41.9114522013584,144.954884916454
"510",136622,1,0,0,2,1,0,0,0,0,0
"511",93796,0,1,1,2,1,1,84.4523591315374,52.0391446337792,118.432109010502,274.389876632001
"512",156170,0,1,1,1,1,0,45.8531402271707,58.3407381139696,45.6261228132959,149.820001154436
"513",51978,0,1,1,0,1,0,55.316711523299,93.4947635163553,49.5822319431232,198.393706982778
"514",161994,1,1,1,1,1,1,42.7487583222904,33.0272121416278,27.1396018144803,121.988679881803
"515",25870,1,0,1,1,1,0,37.4343522309169,43.497678358661,29.7174688803919,110.64949946997
"516",101202,1,0,1,2,1,1,47.8351319579142,67.4737770368533,137.492784726413,252.80169372118
"517",39820,1,0,1,1,1,0,39.2824253651291,54.441066073693,38.4536552975475,132.17714673637
"518",99906,0,1,1,1,1,1,88.7934578187503,61.4536174227723,52.3907887709315,522.099379449467
"519",46282,0,0,1,0,0,0,57.8231507446617,45.3635431978479,44.9760398390238,148.162733781533
"520",32769,0,1,0,0,1,0,0,0,0,0
"521",118220,1,0,0,1,1,0,0,0,0,0
"522",169523,0,1,0,1,1,1,221.364847305022,235.64353928101,215.710249088109,691.552881365393
"523",51432,1,0,1,2,1,0,75.1079763988964,56.3705288997515,109.502114351826,240.980619650474
"524",123552,0,1,1,0,1,0,56.3929439472373,94.5891959127039,47.0266538597519,198.008793719693
"525",3377,0,0,1,2,0,0,48.0235939912637,68.3294331545295,151.453651326232,267.806678472025
"526",173271,1,0,1,2,1,0,52.2434460893088,97.7250497713685,63.2112335948741,213.179729455551
"527",4507,0,0,1,1,0,0,38.278701115919,74.7504002181813,42.474004948106,155.503106282206
"528",67299,1,1,0,2,1,1,176.142265795959,31.9181753867825,466.202475192626,708.733817496862
"529",6425,1,1,1,1,1,0,89.2520477876535,46.0012188033977,36.9332582812065,172.186524872258
"530",9471,0,1,1,1,1,0,46.9408822738347,43.6686139931937,46.0817870691737,136.691283336202
"531",97424,1,1,1,0,1,0,43.1822590912044,44.4019777688419,126.078088521854,213.6623253819
"532",189788,1,1,1,2,1,0,63.3345666257669,41.4373021347694,63.1110381310119,167.882906891548
"533",6709,0,0,1,1,0,0,40.3763968986448,77.8381278705783,133.404870140476,251.6193949097
"534",166643,1,0,0,1,1,0,0,0,0,0
"535",46462,0,0,0,1,0,0,0,0,0,0
"536",125822,1,1,1,1,1,0,42.1716717609641,77.1556860832497,47.0303982262889,166.357756070503
"537",39472,0,0,1,0,0,0,81.73126707552,37.0104651538332,55.6449571238892,174.386689353242
"538",46796,0,1,0,0,1,1,238.356659566068,264.982636365492,233.742608671093,752.547529448147
"539",145177,1,1,1,1,1,0,44.0900514125062,26.8892722874862,36.6982682737137,107.677591973706
"540",104621,1,0,0,1,1,0,0,0,0,0
"541",13726,0,0,1,2,0,0,54.2830783167962,60.4395942003307,141.085048901753,255.80772141888
"542",173101,1,0,1,2,1,0,86.8072810778394,103.904649137054,65.9439092219912,256.655839436884
"543",130569,1,0,0,2,1,0,0,0,0,0
"544",36312,0,0,0,2,0,0,0,0,0,0
"545",24340,1,0,1,1,1,1,53.6896547066197,60.3154346926342,36.2382970120709,150.243386411325
"546",192182,1,1,1,1,1,0,41.6353135726178,42.1953297630206,43.6250761248162,127.455719460455
"547",94447,0,0,1,2,0,0,52.4796056538895,37.154174817064,51.2646801600381,140.898460630992
"548",195668,0,0,1,2,0,0,74.1403255452834,84.0147714009508,48.0907204737083,206.245817419943
"549",109932,1,1,1,2,1,1,80.3794082780369,51.7934925709672,63.0304152051049,223.043087841908
"550",119285,0,0,1,0,0,0,88.3717787102796,66.9067807951002,57.5547753274023,212.833334832782
"551",14413,1,0,0,1,1,0,0,0,0,0
"552",56522,0,0,1,0,0,0,38.7896289790369,87.8384148003533,124.891811004785,251.519854784175
"553",68488,0,1,0,2,1,1,401.776283725823,171.57664505915,166.663807285792,777.104065428699
"554",128843,1,0,1,0,1,0,50.1820876916228,51.2994707176328,57.9948252287532,159.476383638009
"555",74479,0,1,1,1,1,0,43.7647207337714,70.3472987283021,99.3267951599597,213.438814622033
"556",72222,0,0,1,1,0,0,72.3030791979701,63.1094640604824,44.920741493237,180.333284751689
"557",83761,0,0,1,1,0,0,45.5767622743587,36.0130346379236,61.6606356439054,143.250432556188
"558",112155,0,1,1,0,1,1,47.2805982965082,40.6560501547429,97.9635689790406,211.177035072044
"559",178602,1,1,1,0,1,0,68.4431072906591,38.1200587584893,68.2690959582899,174.832262007438
"560",55272,1,0,1,1,1,0,52.750762974977,54.8566199429215,59.8734900750415,167.48087299294
"561",158469,1,1,0,2,1,0,0,0,0,0
"562",31865,1,1,1,0,1,0,34.9304663367454,45.3136568150811,53.2725230387114,133.516646190538
"563",127324,0,1,1,1,1,0,28.7177128032884,48.8334281390471,96.283263179095,173.83440412143
"564",68110,1,0,1,0,1,0,49.6450429662087,56.0942651703954,56.8766626803808,162.615970816985
"565",11741,0,1,0,1,1,1,246.62218392736,216.338426283732,44.5620329934559,920.860103308442
"566",171720,0,1,1,2,1,0,40.770860006648,55.723409206467,37.860012970176,134.354282183291
"567",122877,0,1,0,1,1,0,0,0,0,0
"568",38895,0,1,1,2,1,0,82.4191492665559,48.0444384680882,138.648392956014,269.111980690658
"569",23154,0,1,1,0,1,0,77.1741823642515,60.7603229531645,94.4590797160053,232.393585033421
"570",47069,1,1,1,1,1,0,38.4201298955821,73.1670901193283,48.0160052157454,159.603225230656
"571",197155,0,1,1,2,1,0,55.9681684502603,63.7413996049991,55.0511934750129,174.760761530272
"572",50634,1,1,1,1,1,0,18.2324107339264,62.2301753145333,124.472146972225,204.934733020684
"573",11318,1,0,1,0,1,0,59.7638862491728,53.0498493991476,137.609923666724,250.423659315044
"574",34580,1,1,1,0,1,1,48.3415586908879,40.7024704407713,34.4084203162378,544.704545171966
"575",167416,1,1,1,1,1,0,44.8784547146616,60.1772778062264,125.116887811005,230.172620331893
"576",92001,1,1,1,1,1,0,37.5037760139474,39.6532017356773,50.6500438540064,127.807021603631
"577",104495,0,1,0,1,1,0,0,0,0,0
"578",28577,0,1,1,1,1,0,38.1399848584814,63.6416474738942,44.6414030801312,146.423035412507
"579",68309,1,1,1,1,1,0,30.3542430162702,71.4978217710741,30.9247069976504,132.776771784995
"580",104618,1,0,1,0,1,0,35.9986007178048,58.909883710878,74.5130814838027,169.421565912485
"581",126524,1,0,1,2,1,0,81.1161476471461,59.4039547482045,43.2648069035556,183.784909298906
"582",123471,0,1,1,1,1,0,79.9730339288226,55.8388796694917,43.4532307008282,179.265144299143
"583",94750,1,0,1,1,1,1,38.6843443044214,47.7525516912879,47.5671027728862,134.003998768595
"584",82822,1,0,0,2,1,0,0,0,0,0
"585",166919,1,1,1,0,1,0,47.0649544046595,53.1172477643877,31.8469010702317,132.029103239279
"586",45842,1,1,1,0,1,0,46.2005458490965,54.712998498315,69.389332884543,170.302877231955
"587",132349,1,1,1,1,1,1,59.6998974601918,33.7699657125034,40.2290800376759,152.72989665066
"588",95461,0,1,1,2,1,0,55.9187031211331,57.0531741876343,55.6569435014673,168.628820810235
"589",149613,1,0,0,2,1,0,0,0,0,0
"590",123057,0,1,0,1,1,0,0,0,0,0
"591",90576,1,0,1,1,1,0,40.0338471440012,66.3605660148896,50.3352515477072,156.729664706598
"592",96853,1,0,1,0,1,0,94.5825244649313,53.4935401995059,129.676494874011,277.752559538448
"593",142072,0,1,1,1,1,0,60.6718449788394,42.6230754432404,127.900621405566,231.195541827646
"594",55038,1,1,0,1,1,0,0,0,0,0
"595",181306,1,1,1,0,1,1,62.1878093077049,49.7284857138701,54.2648369064876,182.146672339873
"596",32594,0,0,0,1,0,0,0,0,0,0
"597",24416,1,0,1,2,1,0,47.4792501468281,92.3076128740795,52.2282345287298,192.015097549637
"598",25280,1,0,1,1,1,0,38.7705245655412,51.2774944285353,36.4601635888666,126.508182582943
"599",78391,0,0,1,2,0,0,63.7870491887779,62.4865598152431,53.0827303941585,179.356339398179
"600",48731,1,0,0,2,1,0,0,0,0,0
"601",86135,1,1,1,0,1,0,60.7448117773429,50.8608670457665,58.47281963782,170.078498460929
"602",173957,0,1,1,1,1,1,55.8474483764419,38.2905313992332,22.1845903928224,502.082978933448
"603",75612,0,0,1,1,0,0,32.99209010087,74.007730640471,27.7286373373319,134.728458078673
"604",75189,1,0,0,1,1,0,0,0,0,0
"605",93715,0,1,1,0,1,0,55.5094095324206,44.7858431798576,136.255685108348,236.550937820626
"606",154855,1,1,0,2,1,0,0,0,0,0
"607",64763,0,0,1,0,0,0,87.599484436214,48.7059548311672,33.1982121635423,169.503651430924
"608",62571,1,0,0,1,1,0,0,0,0,0
"609",138382,1,0,0,1,1,0,0,0,0,0
"610",59348,1,1,1,1,1,0,64.2841124030404,47.1706891988349,55.4850883007842,166.939889902659
"611",158038,0,0,1,1,0,0,39.1594141598746,86.4954317021184,141.999392242072,267.654238104065
"612",32563,1,0,0,2,1,0,0,0,0,0
"613",111654,0,0,0,1,0,0,0,0,0,0
"614",180872,0,1,0,1,1,0,0,0,0,0
"615",184472,1,0,0,1,1,0,0,0,0,0
"616",15622,1,1,0,2,1,0,0,0,0,0
"617",46229,0,1,1,1,1,0,81.0321208504404,52.5623201004126,42.0430187801888,175.637459731042
"618",48250,1,1,0,1,1,1,247.427272937167,236.479102607348,31.1944538933246,903.631971474411
"619",56901,0,0,0,0,0,0,0,0,0,0
"620",103306,0,0,1,0,0,0,97.3162581445649,64.1154587869993,128.98495246123,290.416669392794
"621",115502,1,1,1,1,1,0,86.8842853892891,63.2562116682978,42.1799584876192,192.320455545206
"622",104350,0,1,1,2,1,0,65.4911320562915,78.2182313534431,42.4988737628186,186.208237172553
"623",40923,0,0,0,1,0,0,0,0,0,0
"624",120903,0,0,1,0,0,0,55.1102176611513,45.2566553967148,40.3893236681397,140.756196726006
"625",133997,1,0,1,1,1,0,58.4935759114002,56.8032890269533,113.676035242891,228.972900181244
"626",109381,0,1,1,2,1,1,58.9386221027457,39.7554945216154,38.6246742205549,563.930432267119
"627",117945,1,0,1,1,1,0,43.2062116774558,52.0397047071625,49.0373139908105,144.283230375429
"628",38074,1,0,1,0,1,1,52.7099183747523,94.0501367556863,133.137569539145,279.897624669584
"629",84756,0,0,1,2,0,0,58.6117626598956,43.2494393293041,42.9592625440671,144.820464533267
"630",94933,1,1,1,1,1,1,21.8907448112948,44.3014718297842,46.9770576400772,453.7248121408
"631",103108,1,1,1,1,1,0,78.6503883594113,28.8835880999873,50.5975358544078,158.131512313806
"632",98283,1,1,1,1,1,0,39.0532002793675,31.630162515171,40.6964373417446,111.379800136283
"633",19726,0,0,1,1,0,0,27.1788638190779,40.9945997217101,48.2511572170337,116.424620757822
"634",137529,0,1,1,0,1,1,45.2761076408534,64.6602179971524,28.0691618597363,458.722254533092
"635",59288,0,0,1,1,0,0,55.0736544666391,79.9458796787076,39.480966567379,174.500500712726
"636",175708,0,1,1,1,1,0,32.1617102471215,36.3801280621121,34.6222293767507,103.164067685984
"637",112245,0,1,1,1,1,0,38.3961315403201,43.2596469785225,35.3292002683532,116.984978787196
"638",77170,0,0,1,1,0,0,44.9687825459865,48.2560675858583,61.0567664069191,154.281616538764
"639",171310,1,0,1,1,1,0,28.1721076251866,47.6148443049817,27.4078944856301,103.194846415798
"640",174208,1,1,1,2,1,0,60.2248914055417,61.5978618624839,58.0913580443618,179.914111312387
"641",196033,0,1,1,1,1,0,65.4375592433373,27.4125060764443,39.704303641473,132.554368961255
"642",139344,1,1,1,1,1,0,31.2605374190283,58.483790288187,39.3574804329661,129.101808140181
"643",132692,1,0,1,0,1,0,41.7342750961638,55.8217023816966,60.2787630102509,157.834740488111
"644",141034,0,0,0,1,0,0,0,0,0,0
"645",160211,1,0,0,1,1,0,0,0,0,0
"646",183153,1,0,1,1,1,1,43.7763698833518,67.9330297028646,43.6195073247128,155.328906910929
"647",24694,1,1,1,1,1,0,28.6440461940401,42.5418389185793,158.493862527081,229.6797476397
"648",173270,1,1,1,0,1,1,45.9962380860044,42.51255772737,68.6380946112964,181.726540654254
"649",5907,1,1,0,0,1,0,0,0,0,0
"650",15915,1,1,1,1,1,0,57.8902438587947,42.0767362760617,51.6703163434312,151.637296478288
"651",59198,1,1,1,1,1,0,28.7896373354356,65.421423968859,120.400235653189,214.611296957484
"652",51097,1,1,1,1,1,1,43.2314492740349,70.6370246554725,62.4518755619139,189.287420382631
"653",159563,0,1,1,2,1,0,54.2796573223169,47.713721590166,30.8979590179136,132.891337930397
"654",138722,1,1,1,1,1,0,46.5887155839698,59.9999516979209,71.4516803975756,178.040347679466
"655",149301,0,0,1,1,0,0,40.4808025984672,44.8077934027031,37.4146300302083,122.703226031379
"656",90674,1,0,1,0,1,0,83.8050747290254,57.9754399593835,34.6563272506071,176.436841939016
"657",160299,1,1,1,2,1,1,59.0885664110043,66.3363005214153,64.9273041491252,657.612657069553
"658",54968,1,0,1,2,1,0,59.0425457057339,70.0613307892345,85.3956235067052,214.499500001674
"659",121630,0,1,1,2,1,1,69.1733456168407,69.5727857320521,126.049843364404,278.107159730224
"660",97770,1,0,1,1,1,0,22.5847981683857,37.8392575193162,50.0284356455894,110.452491333291
"661",69774,1,0,1,1,1,0,36.4486068706077,48.7160721787954,126.840981268087,212.00566031749
"662",161907,1,1,0,1,1,0,0,0,0,0
"663",125265,0,0,1,0,0,0,56.2907939648655,67.9206527895923,57.0583356985536,181.269782453011
"664",13340,1,1,1,1,1,0,51.683342844187,33.737041555775,51.419299398706,136.839683798668
"665",24303,0,1,1,0,1,0,70.8415519096889,84.6878238487989,45.9752986400108,201.504674398499
"666",124184,1,1,1,1,1,1,70.3813046531959,56.0621522460283,31.6211154135868,593.196556187689
"667",121726,0,1,1,2,1,0,92.6180241950788,51.3437475427765,50.0516782315245,194.01344996938
"668",101535,1,0,1,0,1,0,43.7298152298195,44.526498533943,129.359461023255,217.615774787017
"669",127610,0,0,1,1,0,0,46.0749247636643,53.7283197203651,47.1559832169005,146.95922770093
"670",23070,0,1,1,2,1,0,69.1934536634987,76.2638768418692,57.1465337509196,202.603864256287
"671",103712,1,1,1,1,1,0,61.5127308590206,93.3403550176881,39.844356954644,194.697442831353
"672",82912,1,1,1,1,1,1,55.5082209060179,50.9166795558476,43.2965415446,170.160098207019
"673",54728,1,0,0,2,1,0,0,0,0,0
"674",138715,0,1,1,0,1,0,49.1409108197355,47.1871715645345,26.3504771773875,122.678559561658
"675",64755,0,0,1,1,0,1,60.1378096565979,38.6630184874766,38.1841302896895,136.984958433764
"676",11622,1,0,1,1,1,1,27.0996607588403,52.3838409299291,54.7195454498616,134.203047138631
"677",74148,1,1,0,1,1,0,0,0,0,0
"678",104853,0,1,1,0,1,0,38.6562034272,51.5669326083975,53.066797537568,143.289933573165
"679",124166,0,0,0,0,0,0,0,0,0,0
"680",196784,0,1,1,1,1,0,54.2161555675664,47.1304592217533,51.382182311342,152.728797100662
"681",146959,0,0,1,1,0,0,50.8354050658902,69.2874283790588,58.7682882994822,178.891121744431
"682",195481,1,1,0,0,1,0,0,0,0,0
"683",96917,1,1,1,1,1,0,41.6411453619979,37.5932474607526,38.4208052564966,117.655198079247
"684",61672,0,1,0,2,1,0,0,0,0,0
"685",97769,1,1,1,0,1,0,52.6234975918135,54.114477360649,143.670797442021,250.408772394484
"686",194588,1,0,0,1,1,0,0,0,0,0
"687",163316,0,0,1,1,0,0,38.1461927072137,66.8388310326263,108.194348930858,213.179372670698
"688",35614,1,0,1,1,1,0,53.5551413990373,74.0149753144942,56.9682589738651,184.538375687397
"689",68266,1,0,1,1,1,0,45.8659330220508,51.2222400668232,39.1745137544219,136.262686843296
"690",44181,1,1,0,2,1,0,0,0,0,0
"691",1358,1,0,0,2,1,0,0,0,0,0
"692",85676,1,0,1,1,1,0,79.947045762309,64.4073290820234,57.2155313769808,201.569906221313
"693",131731,1,1,1,0,1,0,61.6151387546631,80.3051063325256,51.810824921907,193.731070009096
"694",126512,0,0,0,1,0,0,0,0,0,0
"695",187473,1,1,0,2,1,0,0,0,0,0
"696",65128,1,0,1,1,1,0,32.907136325589,36.6750798629273,25.2478993994125,94.8301155879288
"697",5104,0,1,1,2,1,1,52.7697867929718,56.3308561333473,66.6205242671395,190.399435476947
"698",23347,1,0,1,1,1,0,37.3780881236582,49.7845644886742,50.1580097020061,137.320662314338
"699",104685,1,0,1,1,1,0,35.449673996252,51.0966906984241,43.2722311472202,129.818595841896
"700",139567,1,1,0,1,1,1,223.827421539095,258.997359239504,225.926395795624,743.497838078849
"701",57269,0,1,0,1,1,1,245.995929436464,204.891720423941,234.719848444861,1038.07927854202
"702",179372,0,1,1,1,1,0,25.261646192279,66.4148600110202,27.4481753943955,119.124681597695
"703",149854,0,0,1,1,0,0,53.3711779619879,52.6836452600018,47.2611181176298,153.315941339619
"704",10414,0,0,1,1,0,0,39.697323195351,67.6801342256367,45.4828437233396,152.860301144327
"705",87940,1,1,0,1,1,1,217.962789074528,209.697495181477,208.845679487181,1019.06316901298
"706",130966,1,1,1,2,1,0,84.4050088995136,59.2163172909306,53.1673400730105,196.788666263455
"707",91779,0,1,1,1,1,0,43.9597447700726,51.1509584844759,28.691666413974,123.802369668523
"708",57716,0,1,1,1,1,0,30.0775878410159,47.0161391683723,24.2742920924349,101.368019101823
"709",70390,0,1,1,1,1,1,30.2176459358604,32.7128800554895,53.3742594358786,134.001665544338
"710",173254,0,1,0,0,1,0,0,0,0,0
"711",148590,1,1,0,0,1,1,228.84574104701,277.213048072454,275.066165664696,1171.06859021036
"712",120192,0,1,0,0,1,0,0,0,0,0
"713",151685,0,0,1,1,0,0,33.7039684507508,39.3666819113915,67.2941531908628,140.364803553005
"714",190081,1,1,1,2,1,0,68.8563351468183,49.8637193432196,42.4668599270188,161.186914417057
"715",117827,1,1,0,0,1,0,0,0,0,0
"716",128880,0,1,1,1,1,0,36.721904340446,28.388378730367,40.3849444839072,105.49522755472
"717",131466,1,0,0,1,1,0,0,0,0,0
"718",72298,0,0,1,0,0,1,73.8215496065095,40.4303778340114,51.6863137774101,165.938241217931
"719",39368,1,0,1,1,1,0,56.103446548431,43.6607961338554,43.3759038585543,143.140146540841
"720",123502,1,0,1,1,1,0,33.3886724408119,53.8947483392324,101.479397629509,188.762818409554
"721",48553,0,0,1,1,0,0,48.7977726557877,50.1638278939264,22.6957489684383,121.657349518153
"722",31342,0,0,1,1,0,0,60.3369526468441,35.5365318420445,49.7724793337003,145.645963822589
"723",50461,0,1,1,2,1,0,51.5271917955336,58.5585201426374,64.2012989197334,174.287010857904
"724",155534,1,1,0,2,1,0,0,0,0,0
"725",80713,1,0,1,1,1,1,34.3899937182301,51.4786709416658,41.5414868854008,127.410151545297
"726",108134,1,0,1,2,1,0,101.300139061175,45.0557864857145,61.8104063330447,208.166331879934
"727",162214,0,0,1,1,0,1,55.0885842738283,80.5940058040433,48.2766375214049,183.959227599276
"728",197836,0,1,1,2,1,0,62.6870160843599,68.1170358987619,72.4805076119066,203.284559595028
"729",72703,1,0,1,2,1,0,62.9319412442458,65.308267080156,44.1539589949778,172.39416731938
"730",105916,1,1,1,0,1,0,73.7710414454006,71.9918973511085,58.8345550668817,204.597493863391
"731",189511,1,0,0,2,1,1,56.36859981881,92.5498922206461,114.182850498734,263.101342538191
"732",42344,0,1,1,1,1,0,45.3053992031866,40.4384221666963,109.510698798377,195.25452016826
"733",125320,0,0,1,1,0,0,84.600390529905,49.5019520697677,28.4653220017358,162.567664601408
"734",25118,1,1,1,1,1,0,74.6442327743078,42.7738661740959,43.0967857297771,160.514884678181
"735",87570,1,1,1,0,1,0,43.2079311792097,61.4143517799675,47.3026531194324,151.92493607861
"736",199492,0,0,1,1,0,0,33.0802836167019,68.4022931451909,42.0496348891333,143.532211651026
"737",127308,0,1,0,1,1,0,0,0,0,0
"738",184944,0,0,0,1,0,0,0,0,0,0
"739",198573,0,0,1,2,0,0,87.7642465294339,52.5093600498023,46.7335570362491,187.007163615485
"740",104595,1,1,1,0,1,1,53.2200955791004,38.8957273125881,123.666896838287,234.14261296866
"741",135842,0,0,0,1,0,0,0,0,0,0
"742",187465,0,1,1,1,1,1,48.4758988460715,48.8589800719842,159.686242014891,286.617576052888
"743",28738,0,0,0,2,0,0,0,0,0,0
"744",150017,1,1,1,1,1,0,36.9659877034548,45.4518303018267,34.3627956596317,116.780613664913
"745",125049,1,0,1,0,1,0,40.0454844202031,50.9230455495045,39.4922739397539,130.460803909462
"746",87198,1,0,0,1,1,0,0,0,0,0
"747",36378,0,1,1,2,1,1,59.5692804545712,47.0547481515061,78.7458470981141,209.458595184901
"748",90501,0,1,1,0,1,0,72.4295524647459,78.1293690903112,143.244535051221,293.803456606278
"749",22005,1,1,1,1,1,0,54.7514652696869,56.1859676453765,113.440426718646,224.377859633709
"750",198057,0,1,1,1,1,0,43.6540292621026,71.3179173264652,23.5041374352938,138.476084023862
"751",106358,1,1,0,1,1,0,0,0,0,0
"752",91157,0,0,1,0,0,0,50.3011395161212,58.4528272636082,118.466229578646,227.220196358376
"753",128980,1,0,1,0,1,0,84.8527518450283,56.2331422326047,59.2239528686252,200.309846946258
"754",4708,1,0,1,0,1,0,67.5537575148517,36.6949078125051,62.6182525882755,166.866917915632
"755",90195,0,1,1,1,1,0,32.5523060870931,21.3143239480005,49.1743239036446,103.040953938738
"756",111549,1,0,1,0,1,1,71.5741773252375,64.0980755561031,53.6651989749645,189.337451856305
"757",23502,0,0,1,1,0,0,50.2535238006178,51.0427815945392,42.2426618313944,143.538967226551
"758",193754,0,1,1,1,1,1,33.3616055427154,43.7807727089294,33.3079773993229,139.445861733408
"759",166435,1,1,1,2,1,0,49.6007883587964,77.6327181188055,43.819553392982,171.053059870584
"760",63620,0,0,1,0,0,0,40.147419150905,36.9625832277534,61.6215450952346,138.731547473893
"761",110359,0,0,0,0,0,0,0,0,0,0
"762",98947,0,0,1,1,0,0,60.1737336008192,63.8333812729265,37.910446708442,161.917561582188
"763",148881,1,0,1,1,1,0,50.0973110923752,52.7631702078506,65.0862758010408,167.946757101267
"764",73893,0,1,1,0,1,0,57.4328625449811,59.2402198719238,143.534591145173,260.207673562078
"765",124186,1,1,1,2,1,0,99.0720800319687,56.7245384836597,66.1775656404658,221.974184156094
"766",189139,1,1,0,1,1,0,0,0,0,0
"767",48297,0,1,1,1,1,1,61.0256591505721,62.3500488321297,31.6113154186662,171.12568569512
"768",111910,1,1,1,1,1,1,66.1593726198105,61.0616473695263,42.7671155723956,191.026912609027
"769",106271,1,0,1,0,1,1,57.0413280086035,76.9035599310882,54.9033749841246,188.848262923816
"770",59653,0,1,1,1,1,1,43.1886682428781,50.3666179698279,141.365369078322,720.915424137702
"771",170604,1,0,1,1,1,0,57.1990039557486,49.3904983959931,105.191996481088,211.78149883283
"772",32390,0,1,0,2,1,0,0,0,0,0
"773",144689,1,1,1,1,1,1,52.0191968450403,41.055416683511,37.4471597284253,513.876687930565
"774",65331,0,0,1,0,0,0,57.4697551634134,65.6579318113242,50.1948122913342,173.322499266072
"775",140969,1,1,1,0,1,1,68.2855166968074,43.241859894817,38.5306161700236,195.598595538781
"776",25786,1,1,0,1,1,1,254.734522271001,262.685648538001,249.834937329259,780.685407084357
"777",75469,0,1,1,0,1,0,37.8551068664627,86.0572352074087,51.3648587261578,175.277200800029
"778",81545,1,0,1,1,1,0,75.8939686205784,59.9744242732413,46.4075370233385,182.275929917158
"779",103822,0,0,1,2,0,0,51.8473311589918,58.3090025123545,119.618091159647,229.774424830994
"780",51198,0,1,1,1,1,1,46.2337481759466,87.8979156329297,158.486935531517,323.779907753816
"781",169336,0,1,0,1,1,0,0,0,0,0
"782",92927,1,1,0,2,1,0,0,0,0,0
"783",120264,0,0,1,1,0,0,42.159970459971,43.9750473076142,119.776548946989,205.911566714574
"784",111772,0,0,1,1,0,0,47.4332792770605,48.9683516384436,29.6938229026287,126.095453818133
"785",36085,1,1,1,2,1,0,50.6403719881858,103.351784105878,166.703062207498,320.695218301562
"786",42535,0,1,1,0,1,0,47.9380493111426,60.2797256173012,40.9788390664123,149.196613994856
"787",193956,1,0,1,1,1,0,65.5048629088296,41.2038898653889,63.9273208602912,170.63607363451
"788",194699,0,0,1,1,0,0,45.6634579114781,72.0278007388115,32.9809404124029,150.672199062692
"789",4031,1,0,1,2,1,0,38.0951402847817,42.7293011972381,61.8985292719211,142.722970753941
"790",90122,0,0,1,2,0,0,58.7085158564341,51.3748549375843,62.8450085217448,172.928379315763
"791",148065,1,0,1,2,1,0,60.8701308770105,73.9188170521018,55.0092693994829,189.798217328595
"792",79464,0,0,1,0,0,0,48.9323054764283,55.1898356177844,40.3923996437132,144.514540737926
"793",10251,1,1,0,2,1,1,414.931515581616,194.287851047702,435.88411936506,1074.66555459912
"794",146365,0,0,1,0,0,0,72.6767382351682,27.157529257473,56.5029794593047,156.337246951946
"795",184620,0,0,1,2,0,1,58.3151078836905,62.4677077778615,49.7981332059866,170.580948867539
"796",181907,0,0,0,0,0,0,0,0,0,0
"797",143778,0,0,1,1,0,0,28.6102364108902,46.5182799639933,26.6079660571364,101.73648243202
"798",166875,0,0,1,1,0,1,45.4205184942837,46.8910118103959,43.0120131950836,135.323543499763
"799",34272,1,1,0,1,1,0,0,0,0,0
"800",41880,0,0,1,1,0,0,50.9329943080079,57.1426807407696,69.0444188733547,177.120093922132
"801",173175,1,0,0,2,1,0,0,0,0,0
"802",67358,1,1,1,1,1,1,36.9765236369032,35.5346069519517,50.4012932331825,149.559045955835
"803",45731,1,1,1,1,1,1,54.9438589058089,23.9516406338841,123.573723732326,521.930738709031
"804",142336,0,1,1,1,1,1,38.6888165784934,51.9396700720928,44.447184232996,161.301123933784
"805",136491,0,1,1,1,1,0,32.4421531040547,22.3956144978326,131.406692885793,186.244460487681
"806",36032,0,0,1,2,0,0,70.9651861414507,46.123291479155,71.454219107763,188.542696728369
"807",81868,1,0,1,1,1,1,40.012576993802,34.5683143234286,58.7044127376103,133.285304054841
"808",170744,1,1,1,1,1,0,40.8290588579929,52.9393576314527,133.627163230665,227.395579720111
"809",71737,0,1,0,1,1,1,237.520535192674,258.253913430145,256.480457043183,1077.58294165961
"810",18384,1,1,1,0,1,0,48.8909403366871,57.7535761054605,45.8242837609969,152.468800203144
"811",161328,1,1,0,2,1,0,0,0,0,0
"812",193328,1,1,1,0,1,0,55.4911889231995,41.5139184139597,49.1528362731217,146.157943610281
"813",37832,1,0,1,2,1,1,71.6488949595951,91.2168149664067,45.5955065171067,208.461216443108
"814",61737,1,1,1,2,1,1,56.9425654438033,63.785691035716,53.7029148265705,570.378385354874
"815",66033,1,0,1,1,1,0,55.1276845902602,61.0646109175868,47.1943650279967,163.386660535844
"816",51659,0,1,1,2,1,1,61.1474071033371,48.0572593406456,98.9099258032698,514.337709380738
"817",121028,0,1,1,1,1,0,86.4698936758727,39.5896413210284,40.3984465048239,166.457981501725
"818",16272,1,1,1,1,1,0,48.9828677120814,44.604401479314,40.0488652093287,133.636134400724
"819",195824,1,1,0,1,1,1,208.834795424837,264.074940738511,207.914818517233,716.795094506138
"820",123273,0,1,1,0,1,0,35.419199237597,39.047583686139,55.933824321558,130.400607245294
"821",167307,0,0,1,2,0,1,51.2672663493573,49.3237829348395,154.336895138976,254.927944423173
"822",195207,1,0,1,0,1,1,47.7825002693776,89.1400487278588,171.915781652815,308.838330650051
"823",43990,0,0,1,1,0,0,37.5738873906473,57.1639008994247,131.350229306459,226.088017596531
"824",97998,0,1,1,1,1,0,36.9115451169205,36.8397613196198,45.9866780780822,119.737984514622
"825",180673,1,0,1,1,1,0,40.1984586484604,36.332182333298,41.2430919386381,117.773732920396
"826",137807,0,1,1,1,1,0,32.9754795167701,47.1859879304907,20.8714885590107,101.032956006272
"827",150866,1,0,0,1,1,0,0,0,0,0
"828",170302,1,0,1,1,1,0,64.1924914063512,33.6815004428366,40.0274433434525,137.90143519264
"829",164155,1,1,0,0,1,0,0,0,0,0
"830",178604,1,0,0,0,1,1,45.4650900832102,33.0605650336323,39.7978883394078,118.32354345625
"831",156954,0,0,1,0,0,0,33.7979548846115,50.6242183232338,48.045905752085,132.46807895993
"832",52381,0,0,1,0,0,0,56.0627244063653,76.1798974359408,46.8459854535839,179.08860729589
"833",16635,1,1,0,1,1,0,0,0,0,0
"834",50893,0,0,1,1,0,0,32.6230990090205,44.6260708915523,42.4481413535257,119.697311254099
"835",106626,1,1,1,2,1,0,63.7319974149514,33.7835123578292,59.6943212956904,157.209831068471
"836",125092,1,0,1,2,1,1,62.9267523000017,63.746204635594,39.074284772453,165.747241708049
"837",57239,1,0,1,1,1,0,47.5223454113874,53.7754196301459,26.4901148430323,127.787879884566
"838",180363,1,1,1,1,1,0,61.7634912590716,51.4463356179185,146.458730189875,259.668557066865
"839",24945,0,0,1,1,0,0,19.6706876396756,44.6769362720089,40.0342650504772,104.381888962162
"840",50407,1,1,1,0,1,0,39.6169925352527,79.121855145786,44.5912527858334,163.330100466872
"841",122452,1,0,1,1,1,0,24.7440570059404,50.4379295879794,44.5188544273927,119.700841021313
"842",172777,1,0,1,1,1,0,39.0281586943637,44.6765692893401,52.6517744889067,136.35650247261
"843",120355,0,0,1,0,0,0,64.8176322458312,75.9398755035363,44.5772866400382,185.334794389406
"844",4202,0,0,0,1,0,0,0,0,0,0
"845",34706,0,0,0,0,0,0,0,0,0,0
"846",172579,0,0,1,1,0,0,72.3508712682201,45.2913558519136,22.6254279761136,140.267655096247
"847",100828,0,0,1,2,0,0,43.7208585027698,48.1816369400905,48.281952482882,140.184447925742
"848",120222,0,0,0,1,0,0,0,0,0,0
"849",25250,1,1,1,1,1,0,55.3119968183697,42.691670648095,42.032547579349,140.036215045814
"850",168673,1,0,1,2,1,1,56.8028755270399,78.2326178121614,53.2400297490382,188.275523088239
"851",154594,0,0,1,1,0,0,45.9097680303334,49.6480871044939,118.898415783309,214.456270918136
"852",190542,1,1,1,1,1,0,32.8913253923582,39.2677854943872,37.6580294334599,109.817140320205
"853",107793,0,0,1,0,0,0,49.9707588880416,60.4945282382474,113.976652325826,224.441939452115
"854",118332,1,1,1,2,1,0,77.1769830103769,53.2925017561422,59.3148717457317,189.784356512251
"855",87299,0,0,1,0,0,0,58.1607550347434,57.4443897146885,46.1572616343406,161.762406383772
"856",197511,0,1,1,0,1,0,65.3499603271484,61.1300157150254,60.1767251390908,186.656701181265
"857",71975,0,0,1,1,0,0,38.9273887518532,53.0082587288921,87.3688352249802,179.304482705725
"858",71838,1,1,1,2,1,1,77.347890981473,103.15441312734,45.97693287789,254.037302853094
"859",76765,0,1,1,1,1,0,53.592373287323,20.226321621,42.0614160475699,115.880110955893
"860",168764,0,1,0,1,1,1,259.822355409048,271.080786065211,254.888534136293,821.078314838624
"861",64075,1,0,1,1,1,0,39.692767498127,38.0681223923018,72.8234648898512,150.58435478028
"862",37084,0,0,1,0,0,0,56.2915403512307,58.9604796717077,54.776979498245,170.028999521183
"863",173440,1,0,1,1,1,0,73.1133629799197,48.2964301770553,47.1613761320306,168.571169289006
"864",173445,0,0,1,2,0,0,40.7474082570081,58.8989506084482,51.3629195906215,151.009278456078
"865",34953,1,0,1,1,1,0,56.465949253866,40.379949924156,35.66725317838,132.513152356402
"866",90044,1,0,1,1,1,0,77.3442454761713,60.3073114413382,50.7847790233435,188.436335940853
"867",121064,1,1,0,2,1,1,161.643316769789,174.852281948201,424.287848305091,1178.41278583233
"868",9615,0,1,1,2,1,0,48.3632798551335,57.3868721545697,67.1312586822414,172.881410691945
"869",74116,1,0,0,0,1,0,0,0,0,0
"870",126772,0,0,1,2,0,1,55.234810615652,52.1037732312191,73.5192957139998,180.857879560871
"871",135362,1,0,1,0,1,1,48.1999896215052,65.8992771874182,47.4911577148117,161.590424523735
"872",68612,0,1,0,0,1,0,0,0,0,0
"873",120130,0,1,1,1,1,0,41.8027106934675,45.7949452242641,43.6585448393635,131.256200757095
"874",131296,0,1,1,0,1,0,99.8007141519338,61.3802371333367,53.8873479125386,215.068299197809
"875",164034,0,1,1,2,1,1,52.7334764328359,59.920328157446,48.495739521912,173.695693251061
"876",167039,0,1,1,0,1,1,44.3546040196098,47.617884337694,49.0090055408993,489.573195101908
"877",167788,0,0,1,2,0,0,62.0304849718031,72.7160183498636,58.8381463933446,193.584649715011
"878",62098,1,0,1,1,1,0,27.8123862759325,52.9158907326615,38.6729157152242,119.401192723818
"879",151352,0,1,1,1,1,0,43.7062498445071,30.6223191774202,37.8132336516387,112.141802673566
"880",100576,1,0,1,1,1,1,46.0589930222793,68.2833638594268,49.4637858784484,163.806142760154
"881",168983,0,1,1,0,1,1,57.2449594044389,55.1642701710742,131.476460978236,688.119863456459
"882",66683,1,1,1,1,1,0,39.6367285671596,50.9677640451524,111.122173147175,201.726665759487
"883",31046,1,0,1,1,1,0,30.3245048928193,50.6477166182221,32.7114648807039,113.683686391745
"884",115014,1,0,1,2,1,0,48.3880429670361,61.1657268786724,121.694999426091,231.248769271799
"885",46190,0,1,0,0,1,0,0,0,0,0
"886",170624,0,0,0,0,0,0,0,0,0,0
"887",174170,0,1,1,1,1,0,41.6772765115789,49.731788836218,39.0815694957826,130.490634843579
"888",166989,1,1,0,1,1,1,214.087678219814,269.913887307789,239.802308390928,749.145117006041
"889",170125,0,1,1,1,1,1,81.7380625050076,35.0747927752109,144.880419052086,637.054151934673
"890",115767,0,1,1,0,1,0,56.0732218355274,68.1155448184311,54.9867200537452,179.175486707704
"891",52760,0,0,1,1,0,1,42.7180570977478,46.2220114096965,48.9395922826474,137.879660790092
"892",14373,0,1,0,2,1,0,0,0,0,0
"893",21133,1,1,0,1,1,0,0,0,0,0
"894",104408,1,1,1,1,1,0,54.073712056841,23.0053541169399,36.5433730639902,113.622439237771
"895",146756,1,0,1,1,1,0,69.307271759967,42.9153768586202,51.2366821546067,163.459330773194
"896",155251,1,0,0,1,1,0,0,0,0,0
"897",18581,0,1,1,0,1,0,50.8002465888464,63.5598846947713,152.077292246903,266.43742353052
"898",73976,0,0,1,0,0,1,57.3111335566284,83.0254120519385,68.7181502519113,209.054695860478
"899",120639,0,1,1,1,1,0,32.5415365332982,47.2021637466835,31.5489110580713,111.292611338053
"900",168094,1,0,1,0,1,0,82.1209522895515,41.0085886053582,50.9876974908676,174.117238385777
"901",126334,1,1,1,1,1,0,62.6935131683433,43.5573083352918,56.4173826712952,162.66820417493
"902",58361,0,1,1,1,1,0,26.6648299762469,59.6434032171965,121.811442188468,208.119675381911
"903",138480,1,1,0,1,1,0,0,0,0,0
"904",161933,0,1,1,1,1,0,58.546160215339,58.9712249709587,50.1959211228051,167.713306309103
"905",15942,0,1,1,0,1,0,92.5639905268326,70.2517858952498,47.3144110253064,210.130187447389
"906",156189,0,1,1,1,1,1,63.4291804060473,63.5771752507922,44.0219497872053,199.852625706771
"907",57614,0,1,1,1,1,0,41.6692231772247,38.3518753423556,115.588713910156,195.609812429737
"908",111931,1,0,1,1,1,0,67.9474317411413,43.7706488376573,43.848668214485,155.566748793284
"909",26468,0,1,1,2,1,0,103.49433348421,67.293291286556,61.1547058291092,231.942330599875
"910",10496,1,0,1,1,1,0,29.1982832491828,40.1490731501847,104.836199418567,174.183555817934
"911",181317,1,0,0,0,1,0,0,0,0,0
"912",173493,0,0,0,1,0,0,0,0,0,0
"913",41592,1,0,1,2,1,0,48.8608893084936,57.4834405425205,49.8327014896959,156.17703134071
"914",41128,1,1,1,1,1,0,38.3817351168894,45.3552755893591,85.2550613135898,168.992072019838
"915",104753,1,1,1,2,1,1,88.7119103554182,67.9262011646479,125.966068034292,587.405580725466
"916",173273,0,1,1,2,1,1,49.7006829437291,73.9428524920362,133.28417819785,272.204861402774
"917",54333,1,1,1,0,1,0,37.769384354354,46.0417255633098,44.653929318234,128.465039235898
"918",22836,0,0,1,0,0,0,46.2328929543226,50.7316363794443,58.0566191033357,155.021148437103
"919",22443,1,1,0,2,1,1,155.078776746765,50.9802623287224,464.565190442638,1055.73102913909
"920",85657,1,1,1,0,1,0,49.7044329725713,45.5338787326852,47.6415421434767,142.879853848733
"921",54644,0,0,1,1,0,0,68.1417807035744,38.0973917211825,46.3882856271086,152.627458051865
"922",161115,1,0,1,0,1,0,40.5503735974112,47.6846449808335,151.639780245614,239.874798823858
"923",57024,0,0,1,2,0,0,64.5496581567475,46.4604019139374,51.2632239844501,162.273284055135
"924",166002,1,1,1,1,1,1,46.3328898833415,30.780091812427,57.1467139556154,160.041869265392
"925",110768,0,1,1,1,1,1,33.7585478109732,77.9999240743928,45.3696394085962,167.386441337913
"926",47165,1,1,0,2,1,0,0,0,0,0
"927",36797,1,1,0,2,1,0,0,0,0,0
"928",89048,0,1,1,2,1,1,56.2410440480247,53.1570904355385,54.5206907210075,206.500891192948
"929",128928,1,0,1,2,1,0,105.243311485276,92.7860924080014,53.6077682848257,251.637172178103
"930",183912,1,1,0,0,1,0,0,0,0,0
"931",71124,0,0,1,0,0,0,58.8154823721668,52.5715911722794,29.2623977008332,140.649471245279
"932",50805,0,1,1,0,1,0,47.7228661052796,53.8144678104126,48.4226687507117,149.960002666404
"933",91488,0,1,1,0,1,1,42.162010319187,48.0514166984299,45.8909776727261,529.894399663555
"934",132033,0,0,1,1,0,0,52.6723756719982,59.574400617741,114.261806997862,226.508583287601
"935",103252,1,0,1,0,1,0,51.4184703117751,44.3437348662674,44.2413703824513,140.003575560494
"936",3840,1,0,1,1,1,0,48.0241481500798,59.4284073312795,43.8980773236649,151.350632805024
"937",59316,0,1,1,1,1,0,73.6375424297236,37.3211131600255,33.4577072079256,144.416362797675
"938",22195,0,0,0,1,0,0,0,0,0,0
"939",75199,1,0,1,1,1,0,54.0615594180069,51.5804826165785,112.966431557895,218.608473592481
"940",28448,0,0,1,1,0,0,56.1822252014758,55.5258712296333,112.834503250702,224.542599681811
"941",52476,0,1,1,1,1,0,46.9245103725068,35.7481393665611,44.7202740351027,127.392923774171
"942",175697,0,1,0,0,1,0,0,0,0,0
"943",81097,1,1,1,1,1,0,40.7115086784721,55.8329175701365,34.0775214787831,130.621947727392
"944",79025,1,0,0,1,1,0,0,0,0,0
"945",24818,1,1,1,2,1,1,52.619591768442,53.0762201631211,39.0321297746527,635.224857241124
"946",13422,1,0,0,1,1,0,0,0,0,0
"947",66687,1,0,1,2,1,0,57.7349678817731,57.4064962129784,49.1022622484859,164.243726343237
"948",116388,0,0,1,1,0,0,36.0536602601325,38.7013866982876,47.7887039692282,122.543750927648
"949",4301,0,0,0,1,0,0,0,0,0,0
"950",37954,0,0,0,2,0,0,0,0,0,0
"951",189483,0,0,0,1,0,0,0,0,0,0
"952",79925,0,0,1,2,0,0,49.8365105500159,62.0041636328941,47.2903773314135,159.131051514324
"953",59523,1,0,1,1,1,1,49.8842226625398,42.6898372242228,45.1769427530673,137.75100263983
"954",135371,1,0,1,1,1,0,35.599291768336,51.5175203418764,125.010605181508,212.127417291721
"955",27720,0,0,1,2,0,0,53.8949700046279,49.8405060576649,155.18640701957,258.921883081863
"956",36470,1,1,1,0,1,0,83.894101518672,44.0952501552629,52.1367449898168,180.126096663752
"957",166315,1,0,1,1,1,0,48.9992263038391,42.1804415844824,24.1283095861103,115.307977474432
"958",15660,1,1,0,1,1,0,0,0,0,0
"959",111905,1,1,1,2,1,0,44.6971117324252,65.3969926623931,68.7037911629024,178.797895557721
"960",179298,1,1,1,0,1,0,60.1792432668941,39.4256469358609,51.693136777392,151.298026980147
"961",132993,1,1,1,0,1,1,36.1245225481932,53.2789017958037,45.7944527838001,510.806893811775
"962",178927,1,1,1,0,1,1,62.3773774491506,31.6438871747266,51.5571777478373,166.538067147413
"963",163696,0,1,1,1,1,0,49.1031531246913,66.4023957327008,126.582869424301,242.088418281693
"964",195608,0,0,1,1,0,0,48.2747617243583,28.3815764715893,52.0753899962434,128.731728192191
"965",162768,0,0,1,0,0,1,42.7634600968682,55.1642086667436,63.8977297045557,161.825398468168
"966",183352,0,1,1,2,1,1,57.8595638854861,49.7634369012704,40.5705678882577,172.611707607188
"967",8349,1,1,1,2,1,0,52.2263377558022,55.3081166600591,44.0511268426821,151.585581258543
"968",193470,1,1,1,0,1,0,81.1056083301082,53.139355205149,111.945856613861,246.190820149118
"969",81412,0,1,1,2,1,0,56.7909935363568,34.5427329694974,61.0364647708921,152.370191276746
"970",44387,1,0,1,1,1,0,47.0552120712373,58.4124034029258,57.7912780333388,163.258893507502
"971",6519,1,1,1,2,1,0,42.8635418832884,56.9644124808582,57.0176675118453,156.845621875992
"972",179432,0,1,1,1,1,0,39.8444724321459,61.9166655001694,50.6094749867994,152.370612919115
"973",4541,0,1,1,0,1,1,97.6816345355473,86.9973003049381,47.9485124117261,261.482325884091
"974",4043,0,0,1,2,0,0,67.6547111656993,41.924881378426,65.2863814397311,174.865973983856
"975",66875,0,0,0,1,0,0,0,0,0,0
"976",123523,1,1,0,1,1,0,0,0,0,0
"977",140351,1,1,0,1,1,0,0,0,0,0
"978",46847,1,1,1,1,1,0,35.0924046166747,37.6406263345032,36.2070743757461,108.940105326924
"979",145578,0,1,1,0,1,0,42.5791104122854,35.0396027603313,60.0079080859546,137.626621258571
"980",108004,1,0,1,1,1,0,35.8878270258602,45.3082083791452,104.384591603535,185.580627008541
"981",11325,1,1,1,0,1,0,60.1344008231536,41.9296856395346,131.4718384439,233.535924906588
"982",163729,1,0,0,0,1,0,0,0,0,0
"983",62950,1,1,1,2,1,1,85.7729926381651,66.6831859698412,59.5451623471248,242.901602979342
"984",112763,1,0,0,2,1,1,52.8249500898565,29.8173515184764,64.682628712044,147.324930320377
"985",59651,0,1,1,1,1,0,53.5798017193587,83.5100025343709,41.6447717993403,178.73457605307
"986",111784,0,0,1,0,0,0,57.4221850098115,62.9640493105882,138.949331060622,259.335565381022
"987",49997,1,1,1,1,1,1,37.9617203051872,24.8765113595503,39.220397097859,457.573126682939
"988",146885,0,1,1,0,1,0,59.0517795295821,53.5690685681221,52.702495884223,165.323343981927
"989",160367,0,1,1,0,1,0,58.9899471244173,22.6142308773557,67.3598157909062,148.963993792679
"990",80181,1,0,1,2,1,1,64.0966317367398,66.4039520141669,68.3555201174373,198.856103868344
"991",129798,0,1,1,1,1,0,48.5101452019675,52.0545638701383,33.9053756820752,134.470084754181
"992",148323,1,1,0,1,1,0,0,0,0,0
"993",152536,0,0,0,1,0,0,0,0,0,0
"994",12404,0,0,1,1,0,0,46.6130544643983,30.4257134396826,31.7417146453676,108.780482549448
"995",90330,0,1,0,1,1,0,0,0,0,0
"996",103047,1,0,0,1,1,0,0,0,0,0
"997",101425,1,1,1,1,1,1,19.868507929374,45.292954135524,48.1625183533364,431.586720697413
"998",123331,0,0,1,1,0,0,59.959227522061,29.4250735320271,44.585756088186,133.970057142274
"999",199308,0,1,1,0,1,0,71.958989557782,54.2104452646805,131.356075942869,257.525510765332
"1000",125211,1,0,1,2,1,1,39.1337224318596,96.3460464789532,44.2651725139653,179.744941424778
